tipo_curva;plazo;tasa;date
CCPSS;90;2.69680;3/01/2022
CCPSS;3600;6.32100;3/01/2022
CCPSS;90;2.70460;4/01/2022
CCPSS;3600;6.37696;4/01/2022
CCPSS;90;2.70769;5/01/2022
CCPSS;3600;6.41822;5/01/2022
CCPSS;90;2.71454;6/01/2022
CCPSS;3600;6.46371;6/01/2022
CCPSS;90;2.71727;7/01/2022
CCPSS;3600;6.49683;7/01/2022
CCPSS;90;3.12807;10/01/2022
CCPSS;3600;6.46150;10/01/2022
CCPSS;90;3.18568;11/01/2022
CCPSS;3600;6.40623;11/01/2022
CCPSS;90;3.17965;12/01/2022
CCPSS;3600;6.38836;12/01/2022
CCPSS;90;3.18168;13/01/2022
CCPSS;3600;6.43543;13/01/2022
CCPSS;90;3.18935;14/01/2022
CCPSS;3600;6.48340;14/01/2022
CCPSS;90;3.18981;17/01/2022
CCPSS;3600;6.49615;17/01/2022
CCPSS;90;3.18967;18/01/2022
CCPSS;3600;6.53263;18/01/2022
CCPSS;90;3.17260;19/01/2022
CCPSS;3600;6.48767;19/01/2022
CCPSS;90;3.18066;20/01/2022
CCPSS;3600;6.46098;20/01/2022
CCPSS;90;3.17193;21/01/2022
CCPSS;3600;6.35785;21/01/2022
CCPSS;90;3.17041;24/01/2022
CCPSS;3600;6.33277;24/01/2022
CCPSS;90;3.17594;25/01/2022
CCPSS;3600;6.42146;25/01/2022
CCPSS;90;3.16142;26/01/2022
CCPSS;3600;6.31911;26/01/2022
CCPSS;90;3.15825;27/01/2022
CCPSS;3600;6.26488;27/01/2022
CCPSS;90;3.15705;28/01/2022
CCPSS;3600;6.24465;28/01/2022
CCPSS;90;3.19500;31/01/2022
CCPSS;3600;6.22913;31/01/2022
CCPSS;90;3.17509;1/02/2022
CCPSS;3600;6.29862;1/02/2022
CCPSS;90;3.17455;2/02/2022
CCPSS;3600;6.28921;2/02/2022
CCPSS;90;3.17089;3/02/2022
CCPSS;3600;6.22917;3/02/2022
CCPSS;90;3.18225;4/02/2022
CCPSS;3600;6.36219;4/02/2022
CCPSS;90;3.18396;7/02/2022
CCPSS;3600;6.38572;7/02/2022
CCPSS;90;3.18313;8/02/2022
CCPSS;3600;6.37640;8/02/2022
CCPSS;90;3.18114;9/02/2022
CCPSS;3600;6.34440;9/02/2022
CCPSS;90;3.18323;10/02/2022
CCPSS;3600;6.37327;10/02/2022
CCPSS;90;3.65247;11/02/2022
CCPSS;3600;6.40590;11/02/2022
CCPSS;90;3.65713;14/02/2022
CCPSS;3600;6.37634;14/02/2022
CCPSS;90;3.65810;15/02/2022
CCPSS;3600;6.43783;15/02/2022
CCPSS;90;3.65500;16/02/2022
CCPSS;3600;6.35525;16/02/2022
CCPSS;90;3.64871;17/02/2022
CCPSS;3600;6.29494;17/02/2022
CCPSS;90;3.63107;18/02/2022
CCPSS;3600;6.27163;18/02/2022
CCPSS;90;3.63392;21/02/2022
CCPSS;3600;6.31730;21/02/2022
CCPSS;90;3.63169;22/02/2022
CCPSS;3600;6.28057;22/02/2022
CCPSS;90;3.63071;23/02/2022
CCPSS;3600;6.26438;23/02/2022
CCPSS;90;3.63394;24/02/2022
CCPSS;3600;6.31684;24/02/2022
CCPSS;90;3.63505;25/02/2022
CCPSS;3600;6.35155;25/02/2022
CCPSS;90;3.64030;28/02/2022
CCPSS;3600;6.43445;28/02/2022
CCPSS;90;3.64176;1/03/2022
CCPSS;3600;6.48063;1/03/2022
CCPSS;90;3.64380;2/03/2022
CCPSS;3600;6.51753;2/03/2022
CCPSS;90;3.64650;3/03/2022
CCPSS;3600;6.56740;3/03/2022
CCPSS;90;3.65298;4/03/2022
CCPSS;3600;6.65900;4/03/2022
CCPSS;90;3.66209;7/03/2022
CCPSS;3600;6.78737;7/03/2022
CCPSS;90;3.66472;8/03/2022
CCPSS;3600;6.83475;8/03/2022
CCPSS;90;3.65844;9/03/2022
CCPSS;3600;6.78560;9/03/2022
CCPSS;90;3.66561;10/03/2022
CCPSS;3600;6.88012;10/03/2022
CCPSS;90;4.13673;11/03/2022
CCPSS;3600;6.85800;11/03/2022
CCPSS;90;4.13827;14/03/2022
CCPSS;3600;6.95446;14/03/2022
CCPSS;90;4.13455;15/03/2022
CCPSS;3600;6.92942;15/03/2022
CCPSS;90;4.12443;16/03/2022
CCPSS;3600;6.81914;16/03/2022
CCPSS;90;4.10852;17/03/2022
CCPSS;3600;6.75170;17/03/2022
CCPSS;90;4.09611;18/03/2022
CCPSS;3600;6.72668;18/03/2022
CCPSS;90;4.08836;21/03/2022
CCPSS;3600;6.79945;21/03/2022
CCPSS;90;4.09294;22/03/2022
CCPSS;3600;6.86188;22/03/2022
CCPSS;90;4.09113;23/03/2022
CCPSS;3600;6.83060;23/03/2022
CCPSS;90;4.09587;24/03/2022
CCPSS;3600;6.89795;24/03/2022
CCPSS;90;4.10554;25/03/2022
CCPSS;3600;7.02652;25/03/2022
CCPSS;90;4.10808;28/03/2022
CCPSS;3600;7.06031;28/03/2022
CCPSS;90;4.09985;29/03/2022
CCPSS;3600;6.93838;29/03/2022
CCPSS;90;4.09644;30/03/2022
CCPSS;3600;6.88038;30/03/2022
CCPSS;90;4.09516;31/03/2022
CCPSS;3600;6.85129;31/03/2022
CCPSS;90;4.10457;1/04/2022
CCPSS;3600;6.97219;1/04/2022
CCPSS;90;4.12499;4/04/2022
CCPSS;3600;7.05284;4/04/2022
CCPSS;90;4.13024;5/04/2022
CCPSS;3600;7.11620;5/04/2022
CCPSS;90;4.13691;6/04/2022
CCPSS;3600;7.19017;6/04/2022
CCPSS;90;4.14312;7/04/2022
CCPSS;3600;7.25878;7/04/2022
CCPSS;90;4.14489;8/04/2022
CCPSS;3600;7.27008;8/04/2022
CCPSS;90;4.61542;11/04/2022
CCPSS;3600;7.33239;11/04/2022
CCPSS;90;4.61884;12/04/2022
CCPSS;3600;7.41218;12/04/2022
CCPSS;90;4.61117;13/04/2022
CCPSS;3600;7.52974;13/04/2022
CCPSS;90;4.61117;14/04/2022
CCPSS;3600;7.52974;14/04/2022
CCPSS;90;4.61117;15/04/2022
CCPSS;3600;7.52974;15/04/2022
CCPSS;90;4.58440;18/04/2022
CCPSS;3600;7.58795;18/04/2022
CCPSS;90;4.59535;19/04/2022
CCPSS;3600;7.69703;19/04/2022
CCPSS;90;4.58481;20/04/2022
CCPSS;3600;7.76326;20/04/2022
CCPSS;90;4.57642;21/04/2022
CCPSS;3600;7.87641;21/04/2022
CCPSS;90;4.58240;22/04/2022
CCPSS;3600;7.94648;22/04/2022
CCPSS;90;4.59728;25/04/2022
CCPSS;3600;8.12844;25/04/2022
CCPSS;90;4.61524;26/04/2022
CCPSS;3600;8.35194;26/04/2022
CCPSS;90;4.59909;27/04/2022
CCPSS;3600;8.14229;27/04/2022
CCPSS;90;4.58831;28/04/2022
CCPSS;3600;8.04308;28/04/2022
CCPSS;90;4.59408;29/04/2022
CCPSS;3600;8.10721;29/04/2022
CCPSS;90;4.60261;2/05/2022
CCPSS;3600;8.20808;2/05/2022
CCPSS;90;4.59574;3/05/2022
CCPSS;3600;8.09489;3/05/2022
CCPSS;90;4.59225;4/05/2022
CCPSS;3600;8.04145;4/05/2022
CCPSS;90;4.61017;5/05/2022
CCPSS;3600;8.23602;5/05/2022
CCPSS;90;4.63085;6/05/2022
CCPSS;3600;8.45862;6/05/2022
CCPSS;90;4.64941;9/05/2022
CCPSS;3600;8.65839;9/05/2022
CCPSS;90;4.63712;10/05/2022
CCPSS;3600;8.49080;10/05/2022
CCPSS;90;4.66684;11/05/2022
CCPSS;3600;8.38007;11/05/2022
CCPSS;90;4.61756;12/05/2022
CCPSS;3600;8.28062;12/05/2022
CCPSS;90;5.09806;13/05/2022
CCPSS;3600;8.16601;13/05/2022
CCPSS;90;5.03637;16/05/2022
CCPSS;3600;8.08193;16/05/2022
CCPSS;90;4.99447;17/05/2022
CCPSS;3600;8.11387;17/05/2022
CCPSS;90;4.95737;18/05/2022
CCPSS;3600;8.10313;18/05/2022
CCPSS;90;4.93557;19/05/2022
CCPSS;3600;8.05909;19/05/2022
CCPSS;90;4.92935;20/05/2022
CCPSS;3600;7.97509;20/05/2022
CCPSS;90;4.92890;23/05/2022
CCPSS;3600;7.96434;23/05/2022
CCPSS;90;4.89105;24/05/2022
CCPSS;3600;7.88765;24/05/2022
CCPSS;90;4.88206;25/05/2022
CCPSS;3600;7.76303;25/05/2022
CCPSS;90;4.87130;26/05/2022
CCPSS;3600;7.61950;26/05/2022
CCPSS;90;4.87099;27/05/2022
CCPSS;3600;7.60746;27/05/2022
CCPSS;90;4.87113;30/05/2022
CCPSS;3600;7.60723;30/05/2022
CCPSS;90;4.87933;31/05/2022
CCPSS;3600;7.70502;31/05/2022
CCPSS;90;4.87910;1/06/2022
CCPSS;3600;7.69786;1/06/2022
CCPSS;90;4.88285;2/06/2022
CCPSS;3600;7.73951;2/06/2022
CCPSS;90;4.88970;3/06/2022
CCPSS;3600;7.81664;3/06/2022
CCPSS;90;4.89959;6/06/2022
CCPSS;3600;7.93589;6/06/2022
CCPSS;90;4.89398;7/06/2022
CCPSS;3600;7.86146;7/06/2022
CCPSS;90;4.89787;8/06/2022
CCPSS;3600;7.89858;8/06/2022
CCPSS;90;4.90146;9/06/2022
CCPSS;3600;7.94178;9/06/2022
CCPSS;90;5.49480;10/06/2022
CCPSS;3600;7.94678;10/06/2022
CCPSS;90;5.53643;13/06/2022
CCPSS;3600;8.07044;13/06/2022
CCPSS;90;5.57050;14/06/2022
CCPSS;3600;8.18344;14/06/2022
CCPSS;90;5.51284;15/06/2022
CCPSS;3600;8.15904;15/06/2022
CCPSS;90;5.49524;16/06/2022
CCPSS;3600;8.03674;16/06/2022
CCPSS;90;5.46391;17/06/2022
CCPSS;3600;7.89739;17/06/2022
CCPSS;90;5.44898;20/06/2022
CCPSS;3600;7.85116;20/06/2022
CCPSS;90;5.45027;21/06/2022
CCPSS;3600;7.90520;21/06/2022
CCPSS;90;5.45273;22/06/2022
CCPSS;3600;7.93490;22/06/2022
CCPSS;90;5.44641;23/06/2022
CCPSS;3600;7.84519;23/06/2022
CCPSS;90;5.43838;24/06/2022
CCPSS;3600;7.90895;24/06/2022
CCPSS;90;5.39966;27/06/2022
CCPSS;3600;7.88841;27/06/2022
CCPSS;90;5.37045;28/06/2022
CCPSS;3600;7.88193;28/06/2022
CCPSS;90;5.37045;29/06/2022
CCPSS;3600;7.88193;29/06/2022
CCPSS;90;5.36205;30/06/2022
CCPSS;3600;7.87236;30/06/2022
CCPSS;90;5.38877;1/07/2022
CCPSS;3600;7.91297;1/07/2022
CCPSS;90;5.42052;4/07/2022
CCPSS;3600;7.92854;4/07/2022
CCPSS;90;5.42103;5/07/2022
CCPSS;3600;7.88811;5/07/2022
CCPSS;90;5.42656;6/07/2022
CCPSS;3600;7.95251;6/07/2022
CCPSS;90;5.43486;7/07/2022
CCPSS;3600;8.00081;7/07/2022
CCPSS;90;5.92679;8/07/2022
CCPSS;3600;8.09424;8/07/2022
CCPSS;90;5.88609;11/07/2022
CCPSS;3600;8.20807;11/07/2022
CCPSS;90;5.79697;12/07/2022
CCPSS;3600;8.33563;12/07/2022
CCPSS;90;5.83743;13/07/2022
CCPSS;3600;8.38110;13/07/2022
CCPSS;90;5.86990;14/07/2022
CCPSS;3600;8.43313;14/07/2022
CCPSS;90;5.90946;15/07/2022
CCPSS;3600;8.46753;15/07/2022
CCPSS;90;5.88814;18/07/2022
CCPSS;3600;8.52796;18/07/2022
CCPSS;90;5.85382;19/07/2022
CCPSS;3600;8.59751;19/07/2022
CCPSS;90;5.85763;20/07/2022
CCPSS;3600;8.63879;20/07/2022
CCPSS;90;5.85207;21/07/2022
CCPSS;3600;8.56978;21/07/2022
CCPSS;90;5.84324;22/07/2022
CCPSS;3600;8.44242;22/07/2022
CCPSS;90;5.83691;25/07/2022
CCPSS;3600;8.34665;25/07/2022
CCPSS;90;5.83395;26/07/2022
CCPSS;3600;8.28948;26/07/2022
CCPSS;90;5.83583;27/07/2022
CCPSS;3600;8.31335;27/07/2022
CCPSS;90;5.83583;28/07/2022
CCPSS;3600;8.31335;28/07/2022
CCPSS;90;5.83583;29/07/2022
CCPSS;3600;8.31335;29/07/2022
CCPSS;90;5.82653;1/08/2022
CCPSS;3600;8.19195;1/08/2022
CCPSS;90;5.82171;2/08/2022
CCPSS;3600;8.11799;2/08/2022
CCPSS;90;5.82615;3/08/2022
CCPSS;3600;8.14325;3/08/2022
CCPSS;90;5.81929;4/08/2022
CCPSS;3600;8.05683;4/08/2022
CCPSS;90;5.82185;5/08/2022
CCPSS;3600;8.07692;5/08/2022
CCPSS;90;5.81771;8/08/2022
CCPSS;3600;8.03644;8/08/2022
CCPSS;90;5.81972;9/08/2022
CCPSS;3600;8.05602;9/08/2022
CCPSS;90;5.81330;10/08/2022
CCPSS;3600;7.97005;10/08/2022
CCPSS;90;5.80955;11/08/2022
CCPSS;3600;7.91887;11/08/2022
CCPSS;90;6.31140;12/08/2022
CCPSS;3600;7.93721;12/08/2022
CCPSS;90;6.20895;15/08/2022
CCPSS;3600;7.84656;15/08/2022
CCPSS;90;6.14975;16/08/2022
CCPSS;3600;7.82254;16/08/2022
CCPSS;90;6.10437;17/08/2022
CCPSS;3600;7.85373;17/08/2022
CCPSS;90;6.10406;18/08/2022
CCPSS;3600;7.87235;18/08/2022
CCPSS;90;6.10535;19/08/2022
CCPSS;3600;7.92524;19/08/2022
CCPSS;90;6.10922;22/08/2022
CCPSS;3600;8.00556;22/08/2022
CCPSS;90;6.10778;23/08/2022
CCPSS;3600;8.01377;23/08/2022
CCPSS;90;6.10966;24/08/2022
CCPSS;3600;8.04720;24/08/2022
CCPSS;90;6.09478;25/08/2022
CCPSS;3600;7.96012;25/08/2022
CCPSS;90;6.09787;26/08/2022
CCPSS;3600;7.99032;26/08/2022
CCPSS;90;6.10319;29/08/2022
CCPSS;3600;8.02471;29/08/2022
CCPSS;90;6.10319;30/08/2022
CCPSS;3600;8.02471;30/08/2022
CCPSS;90;6.10473;31/08/2022
CCPSS;3600;8.04684;31/08/2022
CCPSS;90;6.11146;1/09/2022
CCPSS;3600;8.13648;1/09/2022
CCPSS;90;6.10713;2/09/2022
CCPSS;3600;8.08201;2/09/2022
CCPSS;90;6.11475;5/09/2022
CCPSS;3600;8.16753;5/09/2022
CCPSS;90;6.11807;6/09/2022
CCPSS;3600;8.21644;6/09/2022
CCPSS;90;6.11980;7/09/2022
CCPSS;3600;8.24749;7/09/2022
CCPSS;90;6.11888;8/09/2022
CCPSS;3600;8.22652;8/09/2022
CCPSS;90;6.09109;9/09/2022
CCPSS;3600;8.06828;9/09/2022
CCPSS;90;6.56884;12/09/2022
CCPSS;3600;8.05424;12/09/2022
CCPSS;90;6.56933;13/09/2022
CCPSS;3600;8.07574;13/09/2022
CCPSS;90;6.57116;14/09/2022
CCPSS;3600;8.09223;14/09/2022
CCPSS;90;6.54465;15/09/2022
CCPSS;3600;8.09114;15/09/2022
CCPSS;90;6.54701;16/09/2022
CCPSS;3600;8.12132;16/09/2022
CCPSS;90;6.55784;19/09/2022
CCPSS;3600;8.13486;19/09/2022
CCPSS;90;6.55177;20/09/2022
CCPSS;3600;8.19788;20/09/2022
CCPSS;90;6.55260;21/09/2022
CCPSS;3600;8.17764;21/09/2022
CCPSS;90;6.55677;22/09/2022
CCPSS;3600;8.23963;22/09/2022
CCPSS;90;6.56074;23/09/2022
CCPSS;3600;8.27104;23/09/2022
CCPSS;90;6.56966;26/09/2022
CCPSS;3600;8.40031;26/09/2022
CCPSS;90;6.57530;27/09/2022
CCPSS;3600;8.44193;27/09/2022
CCPSS;90;6.58235;28/09/2022
CCPSS;3600;8.50027;28/09/2022
CCPSS;90;6.59087;29/09/2022
CCPSS;3600;8.58795;29/09/2022
CCPSS;90;6.59739;30/09/2022
CCPSS;3600;8.67297;30/09/2022
CCPSS;90;6.58346;3/10/2022
CCPSS;3600;8.54938;3/10/2022
CCPSS;90;6.56134;4/10/2022
CCPSS;3600;8.51931;4/10/2022
CCPSS;90;6.58749;5/10/2022
CCPSS;3600;8.59786;5/10/2022
CCPSS;90;6.58993;6/10/2022
CCPSS;3600;8.58692;6/10/2022
CCPSS;90;6.58370;7/10/2022
CCPSS;3600;8.51165;7/10/2022
CCPSS;90;6.58203;10/10/2022
CCPSS;3600;8.48298;10/10/2022
CCPSS;90;6.59028;11/10/2022
CCPSS;3600;8.58490;11/10/2022
CCPSS;90;6.92861;12/10/2022
CCPSS;3600;8.68328;12/10/2022
CCPSS;90;6.93132;13/10/2022
CCPSS;3600;8.76069;13/10/2022
CCPSS;90;7.05234;14/10/2022
CCPSS;3600;8.75200;14/10/2022
CCPSS;90;7.04585;17/10/2022
CCPSS;3600;8.64857;17/10/2022
CCPSS;90;7.05355;18/10/2022
CCPSS;3600;8.60346;18/10/2022
CCPSS;90;7.05589;19/10/2022
CCPSS;3600;8.65042;19/10/2022
CCPSS;90;7.05802;20/10/2022
CCPSS;3600;8.68337;20/10/2022
CCPSS;90;7.05766;21/10/2022
CCPSS;3600;8.67676;21/10/2022
CCPSS;90;7.06070;24/10/2022
CCPSS;3600;8.72113;24/10/2022
CCPSS;90;7.05508;25/10/2022
CCPSS;3600;8.64220;25/10/2022
CCPSS;90;7.05232;26/10/2022
CCPSS;3600;8.60365;26/10/2022
CCPSS;90;7.05805;27/10/2022
CCPSS;3600;8.54011;27/10/2022
CCPSS;90;7.04763;28/10/2022
CCPSS;3600;8.52204;28/10/2022
CCPSS;90;7.04446;31/10/2022
CCPSS;3600;8.48016;31/10/2022
CCPSS;90;7.04446;1/11/2022
CCPSS;3600;8.48016;1/11/2022
CCPSS;90;7.03216;2/11/2022
CCPSS;3600;8.29908;2/11/2022
CCPSS;90;7.03110;3/11/2022
CCPSS;3600;8.32902;3/11/2022
CCPSS;90;7.02738;4/11/2022
CCPSS;3600;8.29011;4/11/2022
CCPSS;90;7.01926;7/11/2022
CCPSS;3600;8.18203;7/11/2022
CCPSS;90;7.00850;8/11/2022
CCPSS;3600;8.00279;8/11/2022
CCPSS;90;7.00447;9/11/2022
CCPSS;3600;7.95321;9/11/2022
CCPSS;90;6.99363;10/11/2022
CCPSS;3600;7.73176;10/11/2022
CCPSS;90;6.99303;11/11/2022
CCPSS;3600;7.73811;11/11/2022
CCPSS;90;6.99006;14/11/2022
CCPSS;3600;7.71232;14/11/2022
CCPSS;90;6.99184;15/11/2022
CCPSS;3600;7.75935;15/11/2022
CCPSS;90;6.99855;16/11/2022
CCPSS;3600;7.85582;16/11/2022
CCPSS;90;6.99961;17/11/2022
CCPSS;3600;7.89863;17/11/2022
CCPSS;90;7.00023;18/11/2022
CCPSS;3600;7.91735;18/11/2022
CCPSS;90;6.99684;21/11/2022
CCPSS;3600;7.85216;21/11/2022
CCPSS;90;6.99301;22/11/2022
CCPSS;3600;7.79555;22/11/2022
CCPSS;90;6.99085;23/11/2022
CCPSS;3600;7.75966;23/11/2022
CCPSS;90;6.93509;24/11/2022
CCPSS;3600;7.72680;24/11/2022
CCPSS;90;6.93571;25/11/2022
CCPSS;3600;7.74472;25/11/2022
CCPSS;90;6.93464;28/11/2022
CCPSS;3600;7.71532;28/11/2022
CCPSS;90;6.93291;29/11/2022
CCPSS;3600;7.66961;29/11/2022
CCPSS;90;6.93022;30/11/2022
CCPSS;3600;7.60036;30/11/2022
CCPSS;90;6.92680;1/12/2022
CCPSS;3600;7.51081;1/12/2022
CCPSS;90;6.92779;2/12/2022
CCPSS;3600;7.53763;2/12/2022
CCPSS;90;6.92943;5/12/2022
CCPSS;3600;7.57746;5/12/2022
CCPSS;90;6.93036;6/12/2022
CCPSS;3600;7.60085;6/12/2022
CCPSS;90;6.92868;7/12/2022
CCPSS;3600;7.56685;7/12/2022
CCPSS;90;6.92868;8/12/2022
CCPSS;3600;7.56685;8/12/2022
CCPSS;90;6.92868;9/12/2022
CCPSS;3600;7.56685;9/12/2022
CCPSS;90;6.93105;12/12/2022
CCPSS;3600;7.63089;12/12/2022
CCPSS;90;6.85650;13/12/2022
CCPSS;3600;7.78512;13/12/2022
CCPSS;90;6.79569;14/12/2022
CCPSS;3600;7.85031;14/12/2022
CCPSS;90;6.82289;15/12/2022
CCPSS;3600;7.89975;15/12/2022
CCPSS;90;6.83708;16/12/2022
CCPSS;3600;7.98861;16/12/2022
CCPSS;90;6.84269;19/12/2022
CCPSS;3600;8.08382;19/12/2022
CCPSS;90;6.90981;20/12/2022
CCPSS;3600;8.11757;20/12/2022
CCPSS;90;7.00880;21/12/2022
CCPSS;3600;8.06495;21/12/2022
CCPSS;90;7.01414;22/12/2022
CCPSS;3600;8.03544;22/12/2022
CCPSS;90;7.02647;23/12/2022
CCPSS;3600;8.03377;23/12/2022
CCPSS;90;7.02023;26/12/2022
CCPSS;3600;8.00104;26/12/2022
CCPSS;90;6.89150;27/12/2022
CCPSS;3600;8.00514;27/12/2022
CCPSS;90;7.03392;28/12/2022
CCPSS;3600;8.10004;28/12/2022
CCPSS;90;7.00685;29/12/2022
CCPSS;3600;8.04116;29/12/2022
CCPSS;90;7.01897;30/12/2022
CCPSS;3600;8.04099;30/12/2022
CCPSS;90;7.02658;2/01/2023
CCPSS;3600;8.08058;2/01/2023
CCPSS;90;7.03520;3/01/2023
CCPSS;3600;8.09329;3/01/2023
CCPSS;90;7.04082;4/01/2023
CCPSS;3600;8.08474;4/01/2023
CCPSS;90;7.04359;5/01/2023
CCPSS;3600;8.08346;5/01/2023
CCPSS;90;7.03611;6/01/2023
CCPSS;3600;7.92595;6/01/2023
CCPSS;90;7.08416;9/01/2023
CCPSS;3600;7.83734;9/01/2023
CCPSS;90;7.10572;10/01/2023
CCPSS;3600;7.83878;10/01/2023
CCPSS;90;7.11525;11/01/2023
CCPSS;3600;7.84538;11/01/2023
CCPSS;90;7.12112;12/01/2023
CCPSS;3600;7.82056;12/01/2023
CCPSS;90;7.15512;13/01/2023
CCPSS;3600;8.03514;13/01/2023
CCPSS;90;7.16300;16/01/2023
CCPSS;3600;8.09067;16/01/2023
CCPSS;90;7.15884;17/01/2023
CCPSS;3600;8.14291;17/01/2023
CCPSS;90;7.15782;18/01/2023
CCPSS;3600;8.06254;18/01/2023
CCPSS;90;7.17357;19/01/2023
CCPSS;3600;8.11641;19/01/2023
CCPSS;90;7.19332;20/01/2023
CCPSS;3600;8.09810;20/01/2023
CCPSS;90;7.20110;23/01/2023
CCPSS;3600;8.04532;23/01/2023
CCPSS;90;7.21542;24/01/2023
CCPSS;3600;8.11536;24/01/2023
CCPSS;90;7.22179;25/01/2023
CCPSS;3600;8.15820;25/01/2023
CCPSS;90;7.21099;26/01/2023
CCPSS;3600;8.12336;26/01/2023
CCPSS;90;7.20283;27/01/2023
CCPSS;3600;8.05274;27/01/2023
CCPSS;90;7.22100;30/01/2023
CCPSS;3600;8.14763;30/01/2023
CCPSS;90;7.25087;31/01/2023
CCPSS;3600;8.18756;31/01/2023
CCPSS;90;7.25401;1/02/2023
CCPSS;3600;8.06071;1/02/2023
CCPSS;90;7.23495;2/02/2023
CCPSS;3600;7.90118;2/02/2023
CCPSS;90;7.23916;3/02/2023
CCPSS;3600;7.90716;3/02/2023
CCPSS;90;7.17943;6/02/2023
CCPSS;3600;7.90172;6/02/2023
CCPSS;90;7.20286;7/02/2023
CCPSS;3600;7.90224;7/02/2023
CCPSS;90;7.22778;8/02/2023
CCPSS;3600;7.93252;8/02/2023
CCPSS;90;7.20043;9/02/2023
CCPSS;3600;7.87443;9/02/2023
CCPSS;90;7.19013;10/02/2023
CCPSS;3600;7.75918;10/02/2023
CCPSS;90;7.15707;13/02/2023
CCPSS;3600;7.83900;13/02/2023
CCPSS;90;7.09932;14/02/2023
CCPSS;3600;7.92696;14/02/2023
CCPSS;90;7.16224;15/02/2023
CCPSS;3600;7.94002;15/02/2023
CCPSS;90;7.17522;16/02/2023
CCPSS;3600;7.95897;16/02/2023
CCPSS;90;7.15422;17/02/2023
CCPSS;3600;7.90495;17/02/2023
CCPSS;90;7.11923;20/02/2023
CCPSS;3600;7.89231;20/02/2023
CCPSS;90;7.13851;21/02/2023
CCPSS;3600;7.93292;21/02/2023
CCPSS;90;7.11971;22/02/2023
CCPSS;3600;7.90160;22/02/2023
CCPSS;90;7.11651;23/02/2023
CCPSS;3600;7.93627;23/02/2023
CCPSS;90;7.13794;24/02/2023
CCPSS;3600;8.01884;24/02/2023
CCPSS;90;7.11672;27/02/2023
CCPSS;3600;8.07170;27/02/2023
CCPSS;90;7.08027;28/02/2023
CCPSS;3600;8.04387;28/02/2023
CCPSS;90;7.06932;1/03/2023
CCPSS;3600;8.00907;1/03/2023
CCPSS;90;7.09780;2/03/2023
CCPSS;3600;8.09996;2/03/2023
CCPSS;90;7.06626;3/03/2023
CCPSS;3600;8.12876;3/03/2023
CCPSS;90;7.07705;6/03/2023
CCPSS;3600;8.11830;6/03/2023
CCPSS;90;7.06897;7/03/2023
CCPSS;3600;8.09293;7/03/2023
CCPSS;90;7.05595;8/03/2023
CCPSS;3600;8.06208;8/03/2023
CCPSS;90;7.28918;9/03/2023
CCPSS;3600;8.04860;9/03/2023
CCPSS;90;7.26832;10/03/2023
CCPSS;3600;7.94432;10/03/2023
CCPSS;90;7.30477;13/03/2023
CCPSS;3600;7.91414;13/03/2023
CCPSS;90;7.28678;14/03/2023
CCPSS;3600;7.91555;14/03/2023
CCPSS;90;7.36423;15/03/2023
CCPSS;3600;7.75788;15/03/2023
CCPSS;90;7.38319;16/03/2023
CCPSS;3600;7.80221;16/03/2023
CCPSS;90;7.36860;17/03/2023
CCPSS;3600;7.68972;17/03/2023
CCPSS;90;7.29487;20/03/2023
CCPSS;3600;7.65908;20/03/2023
CCPSS;90;7.26918;21/03/2023
CCPSS;3600;7.69526;21/03/2023
CCPSS;90;7.29627;22/03/2023
CCPSS;3600;7.68791;22/03/2023
CCPSS;90;7.28686;23/03/2023
CCPSS;3600;7.58805;23/03/2023
CCPSS;90;7.29779;24/03/2023
CCPSS;3600;7.50652;24/03/2023
CCPSS;90;7.30480;27/03/2023
CCPSS;3600;7.57378;27/03/2023
CCPSS;90;7.31685;28/03/2023
CCPSS;3600;7.59283;28/03/2023
CCPSS;90;7.30009;29/03/2023
CCPSS;3600;7.55512;29/03/2023
CCPSS;90;7.30277;30/03/2023
CCPSS;3600;7.58817;30/03/2023
CCPSS;90;7.30826;31/03/2023
CCPSS;3600;7.54950;31/03/2023
CCPSS;90;7.31615;3/04/2023
CCPSS;3600;7.57704;3/04/2023
CCPSS;90;7.35140;4/04/2023
CCPSS;3600;7.53938;4/04/2023
CCPSS;90;7.35001;5/04/2023
CCPSS;3600;7.47062;5/04/2023
CCPSS;90;7.35001;6/04/2023
CCPSS;3600;7.47062;6/04/2023
CCPSS;90;7.35001;7/04/2023
CCPSS;3600;7.47062;7/04/2023
CCPSS;90;7.35678;10/04/2023
CCPSS;3600;7.52810;10/04/2023
CCPSS;90;7.35990;11/04/2023
CCPSS;3600;7.51924;11/04/2023
CCPSS;90;7.25668;12/04/2023
CCPSS;3600;7.48560;12/04/2023
CCPSS;90;7.23057;13/04/2023
CCPSS;3600;7.46301;13/04/2023
CCPSS;90;7.26959;14/04/2023
CCPSS;3600;7.46331;14/04/2023
CCPSS;90;7.32446;17/04/2023
CCPSS;3600;7.54227;17/04/2023
CCPSS;90;7.24383;18/04/2023
CCPSS;3600;7.52998;18/04/2023
CCPSS;90;7.23113;19/04/2023
CCPSS;3600;7.54054;19/04/2023
CCPSS;90;7.22692;20/04/2023
CCPSS;3600;7.50275;20/04/2023
CCPSS;90;7.25569;21/04/2023
CCPSS;3600;7.51770;21/04/2023
CCPSS;90;7.23606;24/04/2023
CCPSS;3600;7.48960;24/04/2023
CCPSS;90;7.21455;25/04/2023
CCPSS;3600;7.48713;25/04/2023
CCPSS;90;7.23684;26/04/2023
CCPSS;3600;7.51372;26/04/2023
CCPSS;90;7.22285;27/04/2023
CCPSS;3600;7.54159;27/04/2023
CCPSS;90;7.22471;28/04/2023
CCPSS;3600;7.51729;28/04/2023
CCPSS;90;7.22471;1/05/2023
CCPSS;3600;7.51729;1/05/2023
CCPSS;90;7.22635;2/05/2023
CCPSS;3600;7.53550;2/05/2023
CCPSS;90;7.22560;3/05/2023
CCPSS;3600;7.46495;3/05/2023
CCPSS;90;7.22591;4/05/2023
CCPSS;3600;7.45660;4/05/2023
CCPSS;90;7.22691;5/05/2023
CCPSS;3600;7.39553;5/05/2023
CCPSS;90;7.21997;8/05/2023
CCPSS;3600;7.32235;8/05/2023
CCPSS;90;7.18564;9/05/2023
CCPSS;3600;7.25672;9/05/2023
CCPSS;90;7.09705;10/05/2023
CCPSS;3600;7.25197;10/05/2023
CCPSS;90;7.08397;11/05/2023
CCPSS;3600;7.27385;11/05/2023
CCPSS;90;7.02964;12/05/2023
CCPSS;3600;7.24576;12/05/2023
CCPSS;90;7.01692;15/05/2023
CCPSS;3600;7.22257;15/05/2023
CCPSS;90;6.91716;16/05/2023
CCPSS;3600;7.25831;16/05/2023
CCPSS;90;6.83352;17/05/2023
CCPSS;3600;7.29451;17/05/2023
CCPSS;90;6.84941;18/05/2023
CCPSS;3600;7.35711;18/05/2023
CCPSS;90;6.86494;19/05/2023
CCPSS;3600;7.38703;19/05/2023
CCPSS;90;6.88439;22/05/2023
CCPSS;3600;7.44137;22/05/2023
CCPSS;90;6.86486;23/05/2023
CCPSS;3600;7.42093;23/05/2023
CCPSS;90;6.86020;24/05/2023
CCPSS;3600;7.35451;24/05/2023
CCPSS;90;6.86656;25/05/2023
CCPSS;3600;7.32215;25/05/2023
CCPSS;90;6.82114;26/05/2023
CCPSS;3600;7.28256;26/05/2023
CCPSS;90;6.82344;29/05/2023
CCPSS;3600;7.23530;29/05/2023
CCPSS;90;6.94419;30/05/2023
CCPSS;3600;7.16500;30/05/2023
CCPSS;90;6.56475;31/05/2023
CCPSS;3600;7.04974;31/05/2023
CCPSS;90;6.57631;1/06/2023
CCPSS;3600;7.04174;1/06/2023
CCPSS;90;6.51973;2/06/2023
CCPSS;3600;7.15271;2/06/2023
CCPSS;90;6.54609;5/06/2023
CCPSS;3600;7.26849;5/06/2023
CCPSS;90;6.54399;6/06/2023
CCPSS;3600;7.23810;6/06/2023
CCPSS;90;6.55410;7/06/2023
CCPSS;3600;7.28195;7/06/2023
CCPSS;90;6.54056;8/06/2023
CCPSS;3600;7.22324;8/06/2023
CCPSS;90;6.52748;9/06/2023
CCPSS;3600;7.17852;9/06/2023
CCPSS;90;6.51753;12/06/2023
CCPSS;3600;7.11278;12/06/2023
CCPSS;90;6.47590;13/06/2023
CCPSS;3600;7.08866;13/06/2023
CCPSS;90;6.54934;14/06/2023
CCPSS;3600;7.05745;14/06/2023
CCPSS;90;6.56224;15/06/2023
CCPSS;3600;7.05629;15/06/2023
CCPSS;90;6.61023;16/06/2023
CCPSS;3600;7.05365;16/06/2023
CCPSS;90;6.59708;19/06/2023
CCPSS;3600;7.02085;19/06/2023
CCPSS;90;6.52401;20/06/2023
CCPSS;3600;6.97958;20/06/2023
CCPSS;90;6.54164;21/06/2023
CCPSS;3600;6.96083;21/06/2023
CCPSS;90;6.58213;22/06/2023
CCPSS;3600;6.97593;22/06/2023
CCPSS;90;6.58464;23/06/2023
CCPSS;3600;6.95263;23/06/2023
CCPSS;90;6.57825;26/06/2023
CCPSS;3600;6.94424;26/06/2023
CCPSS;90;6.58005;27/06/2023
CCPSS;3600;6.91317;27/06/2023
CCPSS;90;6.58305;28/06/2023
CCPSS;3600;6.89098;28/06/2023
CCPSS;90;6.58305;29/06/2023
CCPSS;3600;6.89098;29/06/2023
CCPSS;90;6.69518;30/06/2023
CCPSS;3600;6.87226;30/06/2023
CCPSS;90;6.67794;3/07/2023
CCPSS;3600;6.73771;3/07/2023
CCPSS;90;6.73271;4/07/2023
CCPSS;3600;6.64546;4/07/2023
CCPSS;90;6.72979;5/07/2023
CCPSS;3600;6.66603;5/07/2023
CCPSS;90;6.74869;6/07/2023
CCPSS;3600;6.72424;6/07/2023
CCPSS;90;6.68867;7/07/2023
CCPSS;3600;6.70985;7/07/2023
CCPSS;90;6.52582;10/07/2023
CCPSS;3600;6.77085;10/07/2023
CCPSS;90;6.57449;11/07/2023
CCPSS;3600;6.84435;11/07/2023
CCPSS;90;6.56927;12/07/2023
CCPSS;3600;6.77948;12/07/2023
CCPSS;90;6.49652;13/07/2023
CCPSS;3600;6.74481;13/07/2023
CCPSS;90;6.53556;14/07/2023
CCPSS;3600;6.76678;14/07/2023
CCPSS;90;6.53881;17/07/2023
CCPSS;3600;6.80161;17/07/2023
CCPSS;90;6.54317;18/07/2023
CCPSS;3600;6.82115;18/07/2023
CCPSS;90;6.54483;19/07/2023
CCPSS;3600;6.83022;19/07/2023
CCPSS;90;6.51323;20/07/2023
CCPSS;3600;6.81145;20/07/2023
CCPSS;90;6.54875;21/07/2023
CCPSS;3600;6.84183;21/07/2023
CCPSS;90;6.54500;24/07/2023
CCPSS;3600;6.79243;24/07/2023
CCPSS;90;6.53553;25/07/2023
CCPSS;3600;6.82031;25/07/2023
CCPSS;90;6.53581;26/07/2023
CCPSS;3600;6.76056;26/07/2023
CCPSS;90;6.55199;27/07/2023
CCPSS;3600;6.77516;27/07/2023
CCPSS;90;6.55199;28/07/2023
CCPSS;3600;6.77516;28/07/2023
CCPSS;90;6.54108;31/07/2023
CCPSS;3600;6.68442;31/07/2023
CCPSS;90;6.32888;1/08/2023
CCPSS;3600;6.71902;1/08/2023
CCPSS;90;6.36462;2/08/2023
CCPSS;3600;6.78789;2/08/2023
CCPSS;90;6.35113;3/08/2023
CCPSS;3600;6.84014;3/08/2023
CCPSS;90;6.36772;4/08/2023
CCPSS;3600;6.81447;4/08/2023
CCPSS;90;6.46173;7/08/2023
CCPSS;3600;6.83373;7/08/2023
CCPSS;90;6.45385;8/08/2023
CCPSS;3600;6.78498;8/08/2023
CCPSS;90;6.47970;9/08/2023
CCPSS;3600;6.72362;9/08/2023
CCPSS;90;6.45139;10/08/2023
CCPSS;3600;6.69016;10/08/2023
CCPSS;90;6.48752;11/08/2023
CCPSS;3600;6.63859;11/08/2023
CCPSS;90;6.75973;14/08/2023
CCPSS;3600;6.70332;14/08/2023
CCPSS;90;6.90692;15/08/2023
CCPSS;3600;6.74914;15/08/2023
CCPSS;90;6.99073;16/08/2023
CCPSS;3600;6.77743;16/08/2023
CCPSS;90;7.02290;17/08/2023
CCPSS;3600;6.82591;17/08/2023
CCPSS;90;7.03501;18/08/2023
CCPSS;3600;6.88683;18/08/2023
CCPSS;90;7.03242;21/08/2023
CCPSS;3600;7.00387;21/08/2023
CCPSS;90;7.11787;22/08/2023
CCPSS;3600;7.00550;22/08/2023
CCPSS;90;7.12893;23/08/2023
CCPSS;3600;6.94731;23/08/2023
CCPSS;90;7.13435;24/08/2023
CCPSS;3600;6.92237;24/08/2023
CCPSS;90;7.14964;25/08/2023
CCPSS;3600;6.90168;25/08/2023
CCPSS;90;7.14728;28/08/2023
CCPSS;3600;6.87307;28/08/2023
CCPSS;90;6.72274;29/08/2023
CCPSS;3600;6.77244;29/08/2023
CCPSS;90;6.72274;30/08/2023
CCPSS;3600;6.77244;30/08/2023
CCPSS;90;6.73569;31/08/2023
CCPSS;3600;6.75144;31/08/2023
CCPSS;90;6.77506;1/09/2023
CCPSS;3600;6.79700;1/09/2023
CCPSS;90;6.78766;4/09/2023
CCPSS;3600;6.78777;4/09/2023
CCPSS;90;6.84841;5/09/2023
CCPSS;3600;6.82637;5/09/2023
CCPSS;90;6.86715;6/09/2023
CCPSS;3600;6.90961;6/09/2023
CCPSS;90;6.93687;7/09/2023
CCPSS;3600;6.90819;7/09/2023
CCPSS;90;6.88442;8/09/2023
CCPSS;3600;6.81733;8/09/2023
CCPSS;90;6.87871;11/09/2023
CCPSS;3600;6.79615;11/09/2023
CCPSS;90;6.86401;12/09/2023
CCPSS;3600;6.76082;12/09/2023
CCPSS;90;6.86476;13/09/2023
CCPSS;3600;6.78178;13/09/2023
CCPSS;90;6.85954;14/09/2023
CCPSS;3600;6.75391;14/09/2023
CCPSS;90;6.75436;15/09/2023
CCPSS;3600;6.72709;15/09/2023
CCPSS;90;6.72230;18/09/2023
CCPSS;3600;6.76778;18/09/2023
CCPSS;90;6.72041;19/09/2023
CCPSS;3600;6.80123;19/09/2023
CCPSS;90;6.73098;20/09/2023
CCPSS;3600;6.81181;20/09/2023
CCPSS;90;6.71712;21/09/2023
CCPSS;3600;6.87203;21/09/2023
CCPSS;90;6.71968;22/09/2023
CCPSS;3600;6.88003;22/09/2023
CCPSS;90;6.69422;25/09/2023
CCPSS;3600;7.07396;25/09/2023
CCPSS;90;6.75779;26/09/2023
CCPSS;3600;7.14101;26/09/2023
CCPSS;90;6.85541;27/09/2023
CCPSS;3600;7.21424;27/09/2023
CCPSS;90;6.96828;28/09/2023
CCPSS;3600;7.28146;28/09/2023
CCPSS;90;6.81567;29/09/2023
CCPSS;3600;7.23061;29/09/2023
CCPSS;90;6.88588;2/10/2023
CCPSS;3600;7.21470;2/10/2023
CCPSS;90;6.92536;3/10/2023
CCPSS;3600;7.35327;3/10/2023
CCPSS;90;6.95486;4/10/2023
CCPSS;3600;7.39031;4/10/2023
CCPSS;90;7.00608;5/10/2023
CCPSS;3600;7.45933;5/10/2023
CCPSS;90;6.92916;6/10/2023
CCPSS;3600;7.53729;6/10/2023
CCPSS;90;6.79972;9/10/2023
CCPSS;3600;7.57695;9/10/2023
CCPSS;90;6.65359;10/10/2023
CCPSS;3600;7.45212;10/10/2023
CCPSS;90;6.53975;11/10/2023
CCPSS;3600;7.48096;11/10/2023
CCPSS;90;6.55195;12/10/2023
CCPSS;3600;7.56868;12/10/2023
CCPSS;90;6.49759;13/10/2023
CCPSS;3600;7.59440;13/10/2023
CCPSS;90;6.49172;16/10/2023
CCPSS;3600;7.62498;16/10/2023
CCPSS;90;6.51956;17/10/2023
CCPSS;3600;7.60814;17/10/2023
CCPSS;90;6.53860;18/10/2023
CCPSS;3600;7.62476;18/10/2023
CCPSS;90;6.43691;19/10/2023
CCPSS;3600;7.64524;19/10/2023
CCPSS;90;6.42766;20/10/2023
CCPSS;3600;7.57898;20/10/2023
CCPSS;90;6.43000;23/10/2023
CCPSS;3600;7.56253;23/10/2023
CCPSS;90;6.41755;24/10/2023
CCPSS;3600;7.53790;24/10/2023
CCPSS;90;6.52780;25/10/2023
CCPSS;3600;7.55975;25/10/2023
CCPSS;90;6.51240;26/10/2023
CCPSS;3600;7.54387;26/10/2023
CCPSS;90;6.56444;27/10/2023
CCPSS;3600;7.55900;27/10/2023
CCPSS;90;6.58024;30/10/2023
CCPSS;3600;7.57165;30/10/2023
CCPSS;90;6.57546;31/10/2023
CCPSS;3600;7.56017;31/10/2023
CCPSS;90;6.57546;1/11/2023
CCPSS;3600;7.56017;1/11/2023
CCPSS;90;6.53439;2/11/2023
CCPSS;3600;7.31787;2/11/2023
CCPSS;90;6.33150;3/11/2023
CCPSS;3600;7.18733;3/11/2023
CCPSS;90;6.33013;6/11/2023
CCPSS;3600;7.21363;6/11/2023
CCPSS;90;6.34625;7/11/2023
CCPSS;3600;7.19200;7/11/2023
CCPSS;90;6.41060;8/11/2023
CCPSS;3600;7.13537;8/11/2023
CCPSS;90;6.40678;9/11/2023
CCPSS;3600;7.10524;9/11/2023
CCPSS;90;6.40305;10/11/2023
CCPSS;3600;7.09563;10/11/2023
CCPSS;90;6.43355;13/11/2023
CCPSS;3600;7.13060;13/11/2023
CCPSS;90;6.42529;14/11/2023
CCPSS;3600;7.03181;14/11/2023
CCPSS;90;6.44296;15/11/2023
CCPSS;3600;7.06767;15/11/2023
CCPSS;90;6.40858;16/11/2023
CCPSS;3600;7.05127;16/11/2023
CCPSS;90;6.41145;17/11/2023
CCPSS;3600;7.02888;17/11/2023
CCPSS;90;6.61718;20/11/2023
CCPSS;3600;6.99099;20/11/2023
CCPSS;90;6.59447;21/11/2023
CCPSS;3600;6.98738;21/11/2023
CCPSS;90;6.57849;22/11/2023
CCPSS;3600;7.00361;22/11/2023
CCPSS;90;6.58845;23/11/2023
CCPSS;3600;7.05073;23/11/2023
CCPSS;90;6.58266;24/11/2023
CCPSS;3600;7.10939;24/11/2023
CCPSS;90;6.56322;27/11/2023
CCPSS;3600;7.13893;27/11/2023
CCPSS;90;6.54245;28/11/2023
CCPSS;3600;7.22402;28/11/2023
CCPSS;90;6.53978;29/11/2023
CCPSS;3600;7.17261;29/11/2023
CCPSS;90;6.53845;30/11/2023
CCPSS;3600;7.12882;30/11/2023
CCPSS;90;6.52553;1/12/2023
CCPSS;3600;7.00887;1/12/2023
CCPSS;90;6.52616;4/12/2023
CCPSS;3600;7.00373;4/12/2023
CCPSS;90;6.50424;5/12/2023
CCPSS;3600;6.93863;5/12/2023
CCPSS;90;6.49113;6/12/2023
CCPSS;3600;6.87398;6/12/2023
CCPSS;90;6.47369;7/12/2023
CCPSS;3600;6.85319;7/12/2023
CCPSS;90;6.47369;8/12/2023
CCPSS;3600;6.85319;8/12/2023
CCPSS;90;6.43689;11/12/2023
CCPSS;3600;6.90159;11/12/2023
CCPSS;90;6.40348;12/12/2023
CCPSS;3600;6.93218;12/12/2023
CCPSS;90;6.34912;13/12/2023
CCPSS;3600;6.85606;13/12/2023
CCPSS;90;6.41433;14/12/2023
CCPSS;3600;6.67463;14/12/2023
CCPSS;90;6.33923;15/12/2023
CCPSS;3600;6.71415;15/12/2023
CCPSS;90;6.33020;18/12/2023
CCPSS;3600;6.72353;18/12/2023
CCPSS;90;6.17995;19/12/2023
CCPSS;3600;6.72692;19/12/2023
CCPSS;90;6.16189;20/12/2023
CCPSS;3600;6.73414;20/12/2023
CCPSS;90;6.15118;21/12/2023
CCPSS;3600;6.73921;21/12/2023
CCPSS;90;6.14378;22/12/2023
CCPSS;3600;6.73403;22/12/2023
CCPSS;90;6.15433;26/12/2023
CCPSS;3600;6.69639;26/12/2023
CCPSS;90;6.15290;27/12/2023
CCPSS;3600;6.66415;27/12/2023
CCPSS;90;6.16195;28/12/2023
CCPSS;3600;6.60640;28/12/2023
CCPSS;90;6.16457;29/12/2023
CCPSS;3600;6.62798;29/12/2023
CCPSS;90;6.16848;2/01/2024
CCPSS;3600;6.65262;2/01/2024
CCPSS;90;6.17605;3/01/2024
CCPSS;3600;6.70268;3/01/2024
CCPSS;90;6.13530;4/01/2024
CCPSS;3600;6.74539;4/01/2024
CCPSS;90;6.13647;5/01/2024
CCPSS;3600;6.73149;5/01/2024
CCPSS;90;6.11737;8/01/2024
CCPSS;3600;6.71228;8/01/2024
CCPSS;90;6.11967;9/01/2024
CCPSS;3600;6.68152;9/01/2024
CCPSS;90;6.11512;10/01/2024
CCPSS;3600;6.61723;10/01/2024
CCPSS;90;6.10439;11/01/2024
CCPSS;3600;6.58464;11/01/2024
CCPSS;90;6.07479;12/01/2024
CCPSS;3600;6.49386;12/01/2024
CCPSS;90;6.08827;15/01/2024
CCPSS;3600;6.53875;15/01/2024
CCPSS;90;6.11967;16/01/2024
CCPSS;3600;6.56372;16/01/2024
CCPSS;90;6.10110;17/01/2024
CCPSS;3600;6.60243;17/01/2024
CCPSS;90;5.98000;18/01/2024
CCPSS;3600;6.63214;18/01/2024
CCPSS;90;5.93762;19/01/2024
CCPSS;3600;6.58949;19/01/2024
CCPSS;90;5.95268;22/01/2024
CCPSS;3600;6.55072;22/01/2024
CCPSS;90;5.85213;23/01/2024
CCPSS;3600;6.51461;23/01/2024
CCPSS;90;5.83877;24/01/2024
CCPSS;3600;6.50633;24/01/2024
CCPSS;90;5.78462;25/01/2024
CCPSS;3600;6.54659;25/01/2024
CCPSS;90;5.77500;26/01/2024
CCPSS;3600;6.57501;26/01/2024
CCPSS;90;5.70022;29/01/2024
CCPSS;3600;6.62071;29/01/2024
CCPSS;90;5.72448;30/01/2024
CCPSS;3600;6.59231;30/01/2024
CCPSS;90;5.73131;31/01/2024
CCPSS;3600;6.54891;31/01/2024
CCPSS;90;5.72138;1/02/2024
CCPSS;3600;6.53431;1/02/2024
CCPSS;90;5.73923;2/02/2024
CCPSS;3600;6.59094;2/02/2024
CCPSS;90;5.73468;5/02/2024
CCPSS;3600;6.70339;5/02/2024
CCPSS;90;5.73498;6/02/2024
CCPSS;3600;6.67216;6/02/2024
CCPSS;90;5.72055;7/02/2024
CCPSS;3600;6.68216;7/02/2024
CCPSS;90;5.68913;8/02/2024
CCPSS;3600;6.68517;8/02/2024
CCPSS;90;5.67250;9/02/2024
CCPSS;3600;6.67979;9/02/2024
CCPSS;90;5.68721;12/02/2024
CCPSS;3600;6.71055;12/02/2024
CCPSS;90;5.69895;13/02/2024
CCPSS;3600;6.72982;13/02/2024
CCPSS;90;5.69957;14/02/2024
CCPSS;3600;6.69658;14/02/2024
CCPSS;90;5.70467;15/02/2024
CCPSS;3600;6.67547;15/02/2024
CCPSS;90;5.71209;16/02/2024
CCPSS;3600;6.66522;16/02/2024
CCPSS;90;5.71224;19/02/2024
CCPSS;3600;6.66995;19/02/2024
CCPSS;90;5.70821;20/02/2024
CCPSS;3600;6.67195;20/02/2024
CCPSS;90;5.71518;21/02/2024
CCPSS;3600;6.68521;21/02/2024
CCPSS;90;5.71772;22/02/2024
CCPSS;3600;6.71053;22/02/2024
CCPSS;90;5.70352;23/02/2024
CCPSS;3600;6.78143;23/02/2024
CCPSS;90;5.69680;26/02/2024
CCPSS;3600;6.85620;26/02/2024
CCPSS;90;5.68535;27/02/2024
CCPSS;3600;6.80577;27/02/2024
CCPSS;90;5.67785;28/02/2024
CCPSS;3600;6.80291;28/02/2024
CCPSS;90;5.67784;29/02/2024
CCPSS;3600;6.84494;29/02/2024
CCPSS;90;5.65948;1/03/2024
CCPSS;3600;6.88482;1/03/2024
CCPSS;90;5.66536;4/03/2024
CCPSS;3600;6.91817;4/03/2024
CCPSS;90;5.68471;5/03/2024
CCPSS;3600;6.91625;5/03/2024
CCPSS;90;5.55856;6/03/2024
CCPSS;3600;6.96624;6/03/2024
CCPSS;90;5.51626;7/03/2024
CCPSS;3600;6.98673;7/03/2024
CCPSS;90;5.54901;8/03/2024
CCPSS;3600;7.07116;8/03/2024
CCPSS;90;5.60706;11/03/2024
CCPSS;3600;7.11165;11/03/2024
CCPSS;90;5.61704;12/03/2024
CCPSS;3600;7.12220;12/03/2024
CCPSS;90;5.62452;13/03/2024
CCPSS;3600;7.06813;13/03/2024
CCPSS;90;5.60695;14/03/2024
CCPSS;3600;7.08216;14/03/2024
CCPSS;90;5.60369;15/03/2024
CCPSS;3600;7.03893;15/03/2024
CCPSS;90;5.70632;18/03/2024
CCPSS;3600;7.07996;18/03/2024
CCPSS;90;5.70668;19/03/2024
CCPSS;3600;7.10167;19/03/2024
CCPSS;90;5.71219;20/03/2024
CCPSS;3600;7.15135;20/03/2024
CCPSS;90;5.71026;21/03/2024
CCPSS;3600;7.11912;21/03/2024
CCPSS;90;5.71037;22/03/2024
CCPSS;3600;7.06992;22/03/2024
CCPSS;90;5.72326;25/03/2024
CCPSS;3600;7.11406;25/03/2024
CCPSS;90;5.74919;26/03/2024
CCPSS;3600;7.29945;26/03/2024
CCPSS;90;5.75709;27/03/2024
CCPSS;3600;7.34990;27/03/2024
CCPSS;90;5.75709;28/03/2024
CCPSS;3600;7.34990;28/03/2024
CCPSS;90;5.75709;29/03/2024
CCPSS;3600;7.34990;29/03/2024
CCPSS;90;5.79161;1/04/2024
CCPSS;3600;7.57527;1/04/2024
CCPSS;90;5.78391;2/04/2024
CCPSS;3600;7.58362;2/04/2024
CCPSS;90;5.77249;3/04/2024
CCPSS;3600;7.39501;3/04/2024
CCPSS;90;5.74952;4/04/2024
CCPSS;3600;7.16153;4/04/2024
CCPSS;90;5.76927;5/04/2024
CCPSS;3600;7.31880;5/04/2024
CCPSS;90;5.78288;8/04/2024
CCPSS;3600;7.36803;8/04/2024
CCPSS;90;5.78892;9/04/2024
CCPSS;3600;7.34712;9/04/2024
CCPSS;90;5.80329;10/04/2024
CCPSS;3600;7.45246;10/04/2024
CCPSS;90;5.82357;11/04/2024
CCPSS;3600;7.55593;11/04/2024
CCPSS;90;5.81918;12/04/2024
CCPSS;3600;7.43528;12/04/2024
CCPSS;90;5.79954;15/04/2024
CCPSS;3600;7.52206;15/04/2024
CCPSS;90;5.28432;16/04/2024
CCPSS;3600;7.61641;16/04/2024
CCPSS;90;5.29517;17/04/2024
CCPSS;3600;7.60974;17/04/2024
CCPSS;90;5.28957;18/04/2024
CCPSS;3600;7.70679;18/04/2024
CCPSS;90;5.28523;19/04/2024
CCPSS;3600;7.62721;19/04/2024
CCPSS;90;5.24930;22/04/2024
CCPSS;3600;7.55999;22/04/2024
CCPSS;90;5.23551;23/04/2024
CCPSS;3600;7.43751;23/04/2024
CCPSS;90;5.25147;24/04/2024
CCPSS;3600;7.45143;24/04/2024
CCPSS;90;5.27131;25/04/2024
CCPSS;3600;7.48281;25/04/2024
CCPSS;90;5.26653;26/04/2024
CCPSS;3600;7.44120;26/04/2024
CCPSS;90;5.26590;29/04/2024
CCPSS;3600;7.35276;29/04/2024
CCPSS;90;5.26631;30/04/2024
CCPSS;3600;7.37753;30/04/2024
CCPSS;90;5.26631;1/05/2024
CCPSS;3600;7.37753;1/05/2024
CCPSS;90;5.26356;2/05/2024
CCPSS;3600;7.29932;2/05/2024
CCPSS;90;5.25940;3/05/2024
CCPSS;3600;7.22503;3/05/2024
CCPSS;90;5.26321;6/05/2024
CCPSS;3600;7.24058;6/05/2024
CCPSS;90;5.26741;7/05/2024
CCPSS;3600;7.16545;7/05/2024
CCPSS;90;5.27261;8/05/2024
CCPSS;3600;7.21539;8/05/2024
CCPSS;90;5.28501;9/05/2024
CCPSS;3600;7.24514;9/05/2024
CCPSS;90;5.18409;10/05/2024
CCPSS;3600;7.20443;10/05/2024
CCPSS;90;5.40651;13/05/2024
CCPSS;3600;7.21962;13/05/2024
CCPSS;90;5.39913;14/05/2024
CCPSS;3600;7.15620;14/05/2024
CCPSS;90;5.38691;15/05/2024
CCPSS;3600;7.10774;15/05/2024
CCPSS;90;5.38339;16/05/2024
CCPSS;3600;7.12055;16/05/2024
CCPSS;90;5.37995;17/05/2024
CCPSS;3600;7.09639;17/05/2024
CCPSS;90;5.35957;20/05/2024
CCPSS;3600;7.11511;20/05/2024
CCPSS;90;5.33979;21/05/2024
CCPSS;3600;7.09553;21/05/2024
CCPSS;90;5.36108;22/05/2024
CCPSS;3600;7.11768;22/05/2024
CCPSS;90;5.36761;23/05/2024
CCPSS;3600;7.12875;23/05/2024
CCPSS;90;5.36621;24/05/2024
CCPSS;3600;7.10870;24/05/2024
CCPSS;90;5.35980;27/05/2024
CCPSS;3600;7.05010;27/05/2024
CCPSS;90;5.35605;28/05/2024
CCPSS;3600;7.09756;28/05/2024
CCPSS;90;5.36661;29/05/2024
CCPSS;3600;7.17338;29/05/2024
CCPSS;90;5.37274;30/05/2024
CCPSS;3600;7.14722;30/05/2024
CCPSS;90;5.36816;31/05/2024
CCPSS;3600;7.11266;31/05/2024
CCPSS;90;5.36254;3/06/2024
CCPSS;3600;7.05689;3/06/2024
CCPSS;90;5.36112;4/06/2024
CCPSS;3600;7.03351;4/06/2024
CCPSS;90;5.36255;5/06/2024
CCPSS;3600;7.04929;5/06/2024
CCPSS;90;5.37132;6/06/2024
CCPSS;3600;7.05348;6/06/2024
CCPSS;90;5.37132;7/06/2024
CCPSS;3600;7.05348;7/06/2024
CCPSS;90;5.37613;10/06/2024
CCPSS;3600;7.10196;10/06/2024
CCPSS;90;5.38695;11/06/2024
CCPSS;3600;7.11815;11/06/2024
CCPSS;90;5.38073;12/06/2024
CCPSS;3600;7.05938;12/06/2024
CCPSS;90;5.38198;13/06/2024
CCPSS;3600;7.07628;13/06/2024
CCPSS;90;5.36704;14/06/2024
CCPSS;3600;7.07846;14/06/2024
CCPSS;90;5.37468;17/06/2024
CCPSS;3600;7.11056;17/06/2024
CCPSS;90;5.34032;18/06/2024
CCPSS;3600;7.16670;18/06/2024
CCPSS;90;5.33819;19/06/2024
CCPSS;3600;7.20884;19/06/2024
CCPSS;90;5.33541;20/06/2024
CCPSS;3600;7.21497;20/06/2024
CCPSS;90;5.32040;21/06/2024
CCPSS;3600;7.21381;21/06/2024
CCPSS;90;5.31452;24/06/2024
CCPSS;3600;7.21115;24/06/2024
CCPSS;90;5.30396;25/06/2024
CCPSS;3600;7.21977;25/06/2024
CCPSS;90;5.30192;26/06/2024
CCPSS;3600;7.25317;26/06/2024
CCPSS;90;5.29471;27/06/2024
CCPSS;3600;7.15143;27/06/2024
CCPSS;90;5.29651;28/06/2024
CCPSS;3600;7.13203;28/06/2024
CCPSS;90;5.30045;1/07/2024
CCPSS;3600;7.16947;1/07/2024
CCPSS;90;5.29468;2/07/2024
CCPSS;3600;7.15227;2/07/2024
CCPSS;90;5.11916;3/07/2024
CCPSS;3600;7.18203;3/07/2024
CCPSS;90;5.28527;4/07/2024
CCPSS;3600;7.14961;4/07/2024
CCPSS;90;5.27316;5/07/2024
CCPSS;3600;7.13116;5/07/2024
CCPSS;90;5.27874;8/07/2024
CCPSS;3600;7.13684;8/07/2024
CCPSS;90;5.26691;9/07/2024
CCPSS;3600;7.13716;9/07/2024
CCPSS;90;5.26248;10/07/2024
CCPSS;3600;7.10903;10/07/2024
CCPSS;90;5.24368;11/07/2024
CCPSS;3600;6.95213;11/07/2024
CCPSS;90;5.23456;12/07/2024
CCPSS;3600;6.89835;12/07/2024
CCPSS;90;5.23487;15/07/2024
CCPSS;3600;6.95901;15/07/2024
CCPSS;90;5.23971;16/07/2024
CCPSS;3600;6.96393;16/07/2024
CCPSS;90;5.23695;17/07/2024
CCPSS;3600;6.94166;17/07/2024
CCPSS;90;5.23800;18/07/2024
CCPSS;3600;6.98997;18/07/2024
CCPSS;90;5.24671;19/07/2024
CCPSS;3600;7.05588;19/07/2024
CCPSS;90;5.25464;22/07/2024
CCPSS;3600;7.03751;22/07/2024
CCPSS;90;5.25464;23/07/2024
CCPSS;3600;7.03751;23/07/2024
CCPSS;90;5.24471;24/07/2024
CCPSS;3600;6.97806;24/07/2024
CCPSS;90;5.23796;25/07/2024
CCPSS;3600;6.96532;25/07/2024
CCPSS;90;5.23497;26/07/2024
CCPSS;3600;6.93754;26/07/2024
CCPSS;90;5.23497;29/07/2024
CCPSS;3600;6.93754;29/07/2024
CCPSS;90;5.23438;30/07/2024
CCPSS;3600;6.95214;30/07/2024
CCPSS;90;5.22907;31/07/2024
CCPSS;3600;6.94285;31/07/2024
CCPSS;90;5.23087;1/08/2024
CCPSS;3600;6.89686;1/08/2024
CCPSS;90;5.22018;2/08/2024
CCPSS;3600;6.79058;2/08/2024
CCPSS;90;5.22348;5/08/2024
CCPSS;3600;6.81397;5/08/2024
CCPSS;90;5.22348;6/08/2024
CCPSS;3600;6.81397;6/08/2024
CCPSS;90;5.22148;7/08/2024
CCPSS;3600;6.79463;7/08/2024
CCPSS;90;5.16224;8/08/2024
CCPSS;3600;6.75741;8/08/2024
CCPSS;90;5.10071;9/08/2024
CCPSS;3600;6.65718;9/08/2024
CCPSS;90;5.21805;12/08/2024
CCPSS;3600;6.65923;12/08/2024
CCPSS;90;5.20495;13/08/2024
CCPSS;3600;6.62734;13/08/2024
CCPSS;90;5.19798;14/08/2024
CCPSS;3600;6.56664;14/08/2024
CCPSS;90;5.19995;15/08/2024
CCPSS;3600;6.62272;15/08/2024
CCPSS;90;5.19237;16/08/2024
CCPSS;3600;6.56383;16/08/2024
CCPSS;90;5.19357;19/08/2024
CCPSS;3600;6.54646;19/08/2024
CCPSS;90;5.19147;20/08/2024
CCPSS;3600;6.52800;20/08/2024
CCPSS;90;5.19390;21/08/2024
CCPSS;3600;6.57647;21/08/2024
CCPSS;90;5.19796;22/08/2024
CCPSS;3600;6.60288;22/08/2024
CCPSS;90;5.19405;23/08/2024
CCPSS;3600;6.56973;23/08/2024
CCPSS;90;5.18018;26/08/2024
CCPSS;3600;6.53984;26/08/2024
CCPSS;90;5.18991;27/08/2024
CCPSS;3600;6.58080;27/08/2024
CCPSS;90;5.18894;28/08/2024
CCPSS;3600;6.56401;28/08/2024
CCPSS;90;5.18740;29/08/2024
CCPSS;3600;6.55449;29/08/2024
CCPSS;90;5.18740;30/08/2024
CCPSS;3600;6.55449;30/08/2024
CCPSS;90;5.19612;2/09/2024
CCPSS;3600;6.50365;2/09/2024
CCPSS;90;5.16060;3/09/2024
CCPSS;3600;6.46735;3/09/2024
CCPSS;90;5.15962;4/09/2024
CCPSS;3600;6.50469;4/09/2024
CCPSS;90;5.15490;5/09/2024
CCPSS;3600;6.50278;5/09/2024
CCPSS;90;5.14225;6/09/2024
CCPSS;3600;6.46768;6/09/2024
CCPSS;90;5.14601;9/09/2024
CCPSS;3600;6.46251;9/09/2024
CCPSS;90;5.13887;10/09/2024
CCPSS;3600;6.44731;10/09/2024
CCPSS;90;5.13057;11/09/2024
CCPSS;3600;6.42529;11/09/2024
CCPSS;90;5.13318;12/09/2024
CCPSS;3600;6.44470;12/09/2024
CCPSS;90;5.12953;13/09/2024
CCPSS;3600;6.43323;13/09/2024
CCPSS;90;5.12358;16/09/2024
CCPSS;3600;6.42064;16/09/2024
CCPSS;90;5.10570;17/09/2024
CCPSS;3600;6.37779;17/09/2024
CCPSS;90;5.08627;18/09/2024
CCPSS;3600;6.34314;18/09/2024
CCPSS;90;5.07987;19/09/2024
CCPSS;3600;6.30255;19/09/2024
CCPSS;90;5.07758;20/09/2024
CCPSS;3600;6.30222;20/09/2024
CCPSS;90;5.08599;23/09/2024
CCPSS;3600;6.35691;23/09/2024
CCPSS;90;5.08834;24/09/2024
CCPSS;3600;6.37219;24/09/2024
CCPSS;90;5.07330;25/09/2024
CCPSS;3600;6.38861;25/09/2024
CCPSS;90;5.06604;26/09/2024
CCPSS;3600;6.34752;26/09/2024
CCPSS;90;5.05392;27/09/2024
CCPSS;3600;6.32904;27/09/2024
CCPSS;90;5.03696;30/09/2024
CCPSS;3600;6.33416;30/09/2024
CCPSS;90;5.03561;1/10/2024
CCPSS;3600;6.28944;1/10/2024
CCPSS;90;5.04091;2/10/2024
CCPSS;3600;6.38788;2/10/2024
CCPSS;90;5.04860;3/10/2024
CCPSS;3600;6.44673;3/10/2024
CCPSS;90;5.06063;4/10/2024
CCPSS;3600;6.49763;4/10/2024
CCPSS;90;5.07392;7/10/2024
CCPSS;3600;6.56347;7/10/2024
CCPSS;90;5.07392;8/10/2024
CCPSS;3600;6.56347;8/10/2024
CCPSS;90;5.05396;9/10/2024
CCPSS;3600;6.59103;9/10/2024
CCPSS;90;5.05304;10/10/2024
CCPSS;3600;6.57896;10/10/2024
CCPSS;90;4.63699;11/10/2024
CCPSS;3600;6.53164;11/10/2024
CCPSS;90;4.64121;14/10/2024
CCPSS;3600;6.52634;14/10/2024
CCPSS;90;4.61546;15/10/2024
CCPSS;3600;6.47803;15/10/2024
CCPSS;90;4.62268;16/10/2024
CCPSS;3600;6.47358;16/10/2024
CCPSS;90;4.62466;17/10/2024
CCPSS;3600;6.52592;17/10/2024
CCPSS;90;4.66434;18/10/2024
CCPSS;3600;6.53936;18/10/2024
CCPSS;90;4.66591;21/10/2024
CCPSS;3600;6.63825;21/10/2024
CCPSS;90;4.67575;22/10/2024
CCPSS;3600;6.71640;22/10/2024
CCPSS;90;4.66564;23/10/2024
CCPSS;3600;6.76705;23/10/2024
CCPSS;90;4.62715;24/10/2024
CCPSS;3600;6.71638;24/10/2024
CCPSS;90;4.62785;25/10/2024
CCPSS;3600;6.75848;25/10/2024
CCPSS;90;4.63182;28/10/2024
CCPSS;3600;6.81009;28/10/2024
CCPSS;90;4.64870;29/10/2024
CCPSS;3600;6.94368;29/10/2024
CCPSS;90;4.64868;30/10/2024
CCPSS;3600;6.97016;30/10/2024
CCPSS;90;4.65058;31/10/2024
CCPSS;3600;7.03431;31/10/2024
CCPSS;90;4.65058;1/11/2024
CCPSS;3600;7.03431;1/11/2024
CCPSS;90;4.64813;4/11/2024
CCPSS;3600;6.91764;4/11/2024
CCPSS;90;4.63453;5/11/2024
CCPSS;3600;6.96027;5/11/2024
CCPSS;90;4.63016;6/11/2024
CCPSS;3600;7.00060;6/11/2024
CCPSS;90;4.61187;7/11/2024
CCPSS;3600;6.85030;7/11/2024
CCPSS;90;4.53068;8/11/2024
CCPSS;3600;6.82788;8/11/2024
CCPSS;90;4.57189;11/11/2024
CCPSS;3600;6.85062;11/11/2024
CCPSS;90;4.56656;12/11/2024
CCPSS;3600;6.89228;12/11/2024
CCPSS;90;4.56016;13/11/2024
CCPSS;3600;6.85561;13/11/2024
CCPSS;90;4.56192;14/11/2024
CCPSS;3600;6.85168;14/11/2024
CCPSS;90;4.56213;15/11/2024
CCPSS;3600;6.86305;15/11/2024
CCPSS;90;4.55571;18/11/2024
CCPSS;3600;6.89179;18/11/2024
CCPSS;90;4.58699;19/11/2024
CCPSS;3600;6.90280;19/11/2024
CCPSS;90;4.53563;20/11/2024
CCPSS;3600;6.93933;20/11/2024
CCPSS;90;4.54251;21/11/2024
CCPSS;3600;6.92961;21/11/2024
CCPSS;90;4.54045;22/11/2024
CCPSS;3600;6.90140;22/11/2024
CCPSS;90;4.53561;25/11/2024
CCPSS;3600;6.81029;25/11/2024
CCPSS;90;4.53927;26/11/2024
CCPSS;3600;6.82944;26/11/2024
CCPSS;90;4.53942;27/11/2024
CCPSS;3600;6.75207;27/11/2024
CCPSS;90;4.54235;28/11/2024
CCPSS;3600;6.79120;28/11/2024
CCPSS;90;4.54755;29/11/2024
CCPSS;3600;6.79897;29/11/2024
CCPSS;90;4.54880;2/12/2024
CCPSS;3600;6.81884;2/12/2024
CCPSS;90;4.55435;3/12/2024
CCPSS;3600;6.78780;3/12/2024
CCPSS;90;4.55462;4/12/2024
CCPSS;3600;6.78969;4/12/2024
CCPSS;90;4.55815;5/12/2024
CCPSS;3600;6.79233;5/12/2024
CCPSS;90;4.55620;6/12/2024
CCPSS;3600;6.75571;6/12/2024
CCPSS;90;4.55620;9/12/2024
CCPSS;3600;6.75571;9/12/2024
CCPSS;90;4.56010;10/12/2024
CCPSS;3600;6.80841;10/12/2024
CCPSS;90;4.56553;11/12/2024
CCPSS;3600;6.80322;11/12/2024
CCPSS;90;4.56394;12/12/2024
CCPSS;3600;6.79626;12/12/2024
CCPSS;90;4.57079;13/12/2024
CCPSS;3600;6.84490;13/12/2024
CCPSS;90;4.55667;16/12/2024
CCPSS;3600;6.87212;16/12/2024
CCPSS;90;4.52848;17/12/2024
CCPSS;3600;6.88147;17/12/2024
CCPSS;90;4.52706;18/12/2024
CCPSS;3600;6.89823;18/12/2024
CCPSS;90;4.52246;19/12/2024
CCPSS;3600;6.95311;19/12/2024
CCPSS;90;4.52093;20/12/2024
CCPSS;3600;6.93076;20/12/2024
CCPSS;90;4.52026;23/12/2024
CCPSS;3600;6.92609;23/12/2024
CCPSS;90;4.51946;24/12/2024
CCPSS;3600;6.92384;24/12/2024
CCPSS;90;4.51167;26/12/2024
CCPSS;3600;6.91013;26/12/2024
CCPSS;90;4.50786;27/12/2024
CCPSS;3600;6.86599;27/12/2024
CCPSS;90;4.50361;30/12/2024
CCPSS;3600;6.81940;30/12/2024
CCPSS;90;4.50699;31/12/2024
CCPSS;3600;6.84745;31/12/2024
CCPSS;90;4.50323;2/01/2025
CCPSS;3600;6.80744;2/01/2025
CCPSS;90;4.49904;3/01/2025
CCPSS;3600;6.77558;3/01/2025
CCPSS;90;4.48481;6/01/2025
CCPSS;3600;6.80481;6/01/2025
CCPSS;90;4.47034;7/01/2025
CCPSS;3600;6.87152;7/01/2025
CCPSS;90;4.41137;8/01/2025
CCPSS;3600;6.78679;8/01/2025
CCPSS;90;4.40545;9/01/2025
CCPSS;3600;6.78804;9/01/2025
CCPSS;90;4.36192;10/01/2025
CCPSS;3600;6.85362;10/01/2025
CCPSS;90;4.36997;13/01/2025
CCPSS;3600;6.92385;13/01/2025
CCPSS;90;4.36619;14/01/2025
CCPSS;3600;6.89139;14/01/2025
CCPSS;90;4.40911;15/01/2025
CCPSS;3600;6.83483;15/01/2025
CCPSS;90;4.44908;16/01/2025
CCPSS;3600;6.80268;16/01/2025
CCPSS;90;4.44392;17/01/2025
CCPSS;3600;6.80299;17/01/2025
CCPSS;90;4.44594;20/01/2025
CCPSS;3600;6.81907;20/01/2025
CCPSS;90;4.45754;21/01/2025
CCPSS;3600;6.80901;21/01/2025
CCPSS;90;4.43441;22/01/2025
CCPSS;3600;6.85866;22/01/2025
CCPSS;90;4.42011;23/01/2025
CCPSS;3600;6.90859;23/01/2025
CCPSS;90;4.43278;24/01/2025
CCPSS;3600;6.86864;24/01/2025
CCPSS;90;4.42295;27/01/2025
CCPSS;3600;6.81451;27/01/2025
CCPSS;90;4.42264;28/01/2025
CCPSS;3600;6.81580;28/01/2025
CCPSS;90;4.40247;29/01/2025
CCPSS;3600;6.81583;29/01/2025
CCPSS;90;4.39596;30/01/2025
CCPSS;3600;6.80789;30/01/2025
CCPSS;90;4.40428;31/01/2025
CCPSS;3600;6.82167;31/01/2025
CCPSS;90;4.39336;3/02/2025
CCPSS;3600;6.81825;3/02/2025
CCPSS;90;4.37609;4/02/2025
CCPSS;3600;6.80363;4/02/2025
CCPSS;90;4.36135;5/02/2025
CCPSS;3600;6.78980;5/02/2025
CCPSS;90;4.37304;6/02/2025
CCPSS;3600;6.76728;6/02/2025
CCPSS;90;4.36171;7/02/2025
CCPSS;3600;6.69761;7/02/2025
CCPSS;90;4.34098;10/02/2025
CCPSS;3600;6.63672;10/02/2025
CCPSS;90;4.34534;11/02/2025
CCPSS;3600;6.68471;11/02/2025
CCPSS;90;4.39201;12/02/2025
CCPSS;3600;6.76254;12/02/2025
CCPSS;90;4.37505;13/02/2025
CCPSS;3600;6.70570;13/02/2025
CCPSS;90;4.34764;14/02/2025
CCPSS;3600;6.68101;14/02/2025
CCPSS;90;4.33698;17/02/2025
CCPSS;3600;6.66909;17/02/2025
CCPSS;90;4.34146;18/02/2025
CCPSS;3600;6.70839;18/02/2025
CCPSS;90;4.36208;19/02/2025
CCPSS;3600;6.73859;19/02/2025
CCPSS;90;4.34099;20/02/2025
CCPSS;3600;6.69568;20/02/2025
CCPSS;90;4.35242;21/02/2025
CCPSS;3600;6.67334;21/02/2025
CCPSS;90;4.35119;24/02/2025
CCPSS;3600;6.64917;24/02/2025
CCPSS;90;4.34845;25/02/2025
CCPSS;3600;6.58058;25/02/2025
CCPSS;90;4.47412;26/02/2025
CCPSS;3600;6.55175;26/02/2025
CCPSS;90;4.46407;27/02/2025
CCPSS;3600;6.56465;27/02/2025
CCPSS;90;4.45731;28/02/2025
CCPSS;3600;6.57907;28/02/2025
CCPSS;90;4.46688;3/03/2025
CCPSS;3600;6.65933;3/03/2025
CCPSS;90;4.46049;4/03/2025
CCPSS;3600;6.63526;4/03/2025
CCPSS;90;4.46796;5/03/2025
CCPSS;3600;6.67192;5/03/2025
CCPSS;90;4.47143;6/03/2025
CCPSS;3600;6.69523;6/03/2025
CCPSS;90;4.46801;7/03/2025
CCPSS;3600;6.62728;7/03/2025
CCPSS;90;4.47770;10/03/2025
CCPSS;3600;6.71875;10/03/2025
CCPSS;90;4.49661;11/03/2025
CCPSS;3600;6.72100;11/03/2025
CCPSS;90;4.48504;12/03/2025
CCPSS;3600;6.72442;12/03/2025
CCPSS;90;4.47220;13/03/2025
CCPSS;3600;6.68120;13/03/2025
CCPSS;90;4.34184;14/03/2025
CCPSS;3600;6.69647;14/03/2025
CCPSS;90;4.32668;17/03/2025
CCPSS;3600;6.64517;17/03/2025
CCPSS;90;4.32505;18/03/2025
CCPSS;3600;6.66325;18/03/2025
CCPSS;90;4.32796;19/03/2025
CCPSS;3600;6.66181;19/03/2025
CCPSS;90;4.32947;20/03/2025
CCPSS;3600;6.66149;20/03/2025
CCPSS;90;4.33559;21/03/2025
CCPSS;3600;6.68223;21/03/2025
CCPSS;90;4.34445;24/03/2025
CCPSS;3600;6.71927;24/03/2025
CCPSS;90;4.34669;25/03/2025
CCPSS;3600;6.73165;25/03/2025
CCPSS;90;4.35350;26/03/2025
CCPSS;3600;6.77680;26/03/2025
CCPSS;90;4.35855;27/03/2025
CCPSS;3600;6.84479;27/03/2025
CCPSS;90;4.35519;28/03/2025
CCPSS;3600;6.86178;28/03/2025
CCPSS;90;4.35012;31/03/2025
CCPSS;3600;6.81297;31/03/2025
CCPSS;90;4.35070;1/04/2025
CCPSS;3600;6.84753;1/04/2025
CCPSS;90;4.35200;2/04/2025
CCPSS;3600;6.82769;2/04/2025
CCPSS;90;4.33316;3/04/2025
CCPSS;3600;6.67916;3/04/2025
CCPSS;90;4.33393;4/04/2025
CCPSS;3600;6.62649;4/04/2025
CCPSS;90;4.28603;7/04/2025
CCPSS;3600;6.71662;7/04/2025
CCPSS;90;4.29340;8/04/2025
CCPSS;3600;6.77004;8/04/2025
CCPSS;90;4.29946;9/04/2025
CCPSS;3600;6.80679;9/04/2025
CCPSS;90;4.29155;10/04/2025
CCPSS;3600;6.78039;10/04/2025
CCPSS;90;4.43083;11/04/2025
CCPSS;3600;6.75048;11/04/2025
CCPSS;90;4.38418;14/04/2025
CCPSS;3600;6.71236;14/04/2025
CCPSS;90;4.32473;15/04/2025
CCPSS;3600;6.77042;15/04/2025
CCPSS;90;4.25637;16/04/2025
CCPSS;3600;6.83166;16/04/2025
CCPSS;90;4.25637;17/04/2025
CCPSS;3600;6.83166;17/04/2025
CCPSS;90;4.25637;18/04/2025
CCPSS;3600;6.83166;18/04/2025
CCPSS;90;4.24777;21/04/2025
CCPSS;3600;6.88891;21/04/2025
CCPSS;90;4.25399;22/04/2025
CCPSS;3600;6.89076;22/04/2025
CCPSS;90;4.24871;23/04/2025
CCPSS;3600;6.84164;23/04/2025
CCPSS;90;4.24198;24/04/2025
CCPSS;3600;6.90789;24/04/2025
CCPSS;90;4.23831;25/04/2025
CCPSS;3600;6.86401;25/04/2025
CCPSS;90;4.21361;28/04/2025
CCPSS;3600;6.78362;28/04/2025
CCPSS;90;4.19592;29/04/2025
CCPSS;3600;6.69689;29/04/2025
CCPSS;90;4.20482;30/04/2025
CCPSS;3600;6.80059;30/04/2025
CCPSS;90;4.20482;1/05/2025
CCPSS;3600;6.80059;1/05/2025
CCPSS;90;4.20482;2/05/2025
CCPSS;3600;6.80059;2/05/2025
CCPSS;90;4.21209;5/05/2025
CCPSS;3600;6.85449;5/05/2025
CCPSS;90;4.20828;6/05/2025
CCPSS;3600;6.83453;6/05/2025
CCPSS;90;4.20370;7/05/2025
CCPSS;3600;6.79026;7/05/2025
CCPSS;90;4.18770;8/05/2025
CCPSS;3600;6.74909;8/05/2025
CCPSS;90;4.10297;9/05/2025
CCPSS;3600;6.66803;9/05/2025
CCPSS;90;4.08758;12/05/2025
CCPSS;3600;6.68883;12/05/2025
CCPSS;90;4.07936;13/05/2025
CCPSS;3600;6.66178;13/05/2025
CCPSS;90;4.07185;14/05/2025
CCPSS;3600;6.73107;14/05/2025
CCPSS;90;4.06318;15/05/2025
CCPSS;3600;6.67439;15/05/2025
CCPSS;90;4.09658;16/05/2025
CCPSS;3600;6.71546;16/05/2025
CCPSS;90;4.10316;19/05/2025
CCPSS;3600;6.75479;19/05/2025
CCPSS;90;4.11730;20/05/2025
CCPSS;3600;6.75107;20/05/2025
CCPSS;90;4.08778;21/05/2025
CCPSS;3600;6.79994;21/05/2025
CCPSS;90;4.09259;22/05/2025
CCPSS;3600;6.81193;22/05/2025
CCPSS;90;4.09336;23/05/2025
CCPSS;3600;6.84131;23/05/2025
CCPSS;90;4.08567;26/05/2025
CCPSS;3600;6.77685;26/05/2025
CCPSS;90;4.07180;27/05/2025
CCPSS;3600;6.73656;27/05/2025
CCPSS;90;4.05072;28/05/2025
CCPSS;3600;6.73547;28/05/2025
CCPSS;90;4.05722;29/05/2025
CCPSS;3600;6.66684;29/05/2025
CCPSS;90;4.06218;30/05/2025
CCPSS;3600;6.74811;30/05/2025
CCPSS;90;4.06989;2/06/2025
CCPSS;3600;6.81972;2/06/2025
CCPSS;90;4.06720;3/06/2025
CCPSS;3600;6.84706;3/06/2025
CCPSS;90;4.06383;4/06/2025
CCPSS;3600;6.75409;4/06/2025
CCPSS;90;4.06620;5/06/2025
CCPSS;3600;6.81680;5/06/2025
CCPSS;90;4.06695;6/06/2025
CCPSS;3600;6.85114;6/06/2025
CCPSS;90;4.05714;9/06/2025
CCPSS;3600;6.82874;9/06/2025
CCPSS;90;4.04598;10/06/2025
CCPSS;3600;6.84731;10/06/2025
CCPSS;90;4.04374;11/06/2025
CCPSS;3600;6.79897;11/06/2025
CCPSS;90;4.04029;12/06/2025
CCPSS;3600;6.68493;12/06/2025
CCPSS;90;4.01910;13/06/2025
CCPSS;3600;6.71935;13/06/2025
CCPSS;90;4.02093;16/06/2025
CCPSS;3600;6.74729;16/06/2025
CCPSS;90;4.00904;17/06/2025
CCPSS;3600;6.72404;17/06/2025
CCPSS;90;3.99299;18/06/2025
CCPSS;3600;6.75785;18/06/2025
CCPSS;90;3.97899;19/06/2025
CCPSS;3600;6.75709;19/06/2025
CCPSS;90;3.97880;20/06/2025
CCPSS;3600;6.78544;20/06/2025
CCPSS;90;3.98094;23/06/2025
CCPSS;3600;6.79421;23/06/2025
CCPSS;90;3.97256;24/06/2025
CCPSS;3600;6.73955;24/06/2025
CCPSS;90;3.96563;25/06/2025
CCPSS;3600;6.67109;25/06/2025
CCPSS;90;3.96163;26/06/2025
CCPSS;3600;6.59392;26/06/2025
CCPSS;90;3.96872;27/06/2025
CCPSS;3600;6.64934;27/06/2025
CCPSS;90;3.97035;30/06/2025
CCPSS;3600;6.61342;30/06/2025
CCPSS;90;3.96883;1/07/2025
CCPSS;3600;6.57498;1/07/2025
CCPSS;90;3.96136;2/07/2025
CCPSS;3600;6.52508;2/07/2025
CCPSS;90;3.96909;3/07/2025
CCPSS;3600;6.57519;3/07/2025
CCPSS;90;3.97237;4/07/2025
CCPSS;3600;6.54846;4/07/2025
CCPSS;90;3.97481;7/07/2025
CCPSS;3600;6.57925;7/07/2025
CCPSS;90;3.95363;8/07/2025
CCPSS;3600;6.58999;8/07/2025
CCPSS;90;3.94129;9/07/2025
CCPSS;3600;6.53187;9/07/2025
CCPSS;90;3.94372;10/07/2025
CCPSS;3600;6.55440;10/07/2025
CCPSS;90;3.91430;11/07/2025
CCPSS;3600;6.58474;11/07/2025
CCPSS;90;3.91321;14/07/2025
CCPSS;3600;6.56605;14/07/2025
CCPSS;90;3.91905;15/07/2025
CCPSS;3600;6.63786;15/07/2025
CCPSS;90;3.91734;16/07/2025
CCPSS;3600;6.62485;16/07/2025
CCPSS;90;3.89125;17/07/2025
CCPSS;3600;6.66036;17/07/2025
CCPSS;90;3.88775;18/07/2025
CCPSS;3600;6.65539;18/07/2025
CCPSS;90;3.87213;21/07/2025
CCPSS;3600;6.63725;21/07/2025
CCPSS;90;3.87140;22/07/2025
CCPSS;3600;6.61676;22/07/2025
CCPSS;90;3.87241;23/07/2025
CCPSS;3600;6.62955;23/07/2025
CCPSS;90;3.87761;24/07/2025
CCPSS;3600;6.63732;24/07/2025
CCPSS;90;3.87485;25/07/2025
CCPSS;3600;6.57896;25/07/2025
CCPSS;90;3.87481;28/07/2025
CCPSS;3600;6.57892;28/07/2025
CCPSS;90;3.87481;29/07/2025
CCPSS;3600;6.57892;29/07/2025
CCPSS;90;3.87406;30/07/2025
CCPSS;3600;6.55498;30/07/2025
CCPSS;90;3.87604;31/07/2025
CCPSS;3600;6.57810;31/07/2025
