date;bono_us;msci_pe
25/11/2011;0.0439;0.0020
28/11/2011;0.0436;0.0320
29/11/2011;0.0434;0.0328
30/11/2011;0.0435;-0.0303
01/12/2011;0.0437;0.0104
02/12/2011;0.0437;0.0042
05/12/2011;0.0442;-0.0052
06/12/2011;0.0445;0.0011
07/12/2011;0.0440;-0.0217
08/12/2011;0.0435;0.0034
09/12/2011;0.0435;0.0054
12/12/2011;0.0432;0.0161
13/12/2011;0.0433;-0.0048
14/12/2011;0.0437;0.0133
15/12/2011;0.0435;-0.0305
16/12/2011;0.0436;-0.0014
19/12/2011;0.0439;0.0235
20/12/2011;0.0448;0.0162
21/12/2011;0.0452;0.0270
22/12/2011;0.0451;0.0247
23/12/2011;0.0453;0.0125
26/12/2011;0.0452;0.0275
27/12/2011;0.0456;-0.0066
28/12/2011;0.0456;0.0102
29/12/2011;0.0452;0.0029
30/12/2011;0.0454;0.0271
02/01/2012;0.0457;-0.0426
03/01/2012;0.0459;-0.0092
04/01/2012;0.0454;0.0171
05/01/2012;0.0458;-0.0314
06/01/2012;0.0458;-0.0306
09/01/2012;0.0461;0.0202
10/01/2012;0.0460;-0.0179
11/01/2012;0.0458;-0.0023
12/01/2012;0.0454;0.0255
13/01/2012;0.0454;-0.0004
16/01/2012;0.0456;0.0184
17/01/2012;0.0452;0.0087
18/01/2012;0.0455;-0.0054
19/01/2012;0.0457;0.0059
20/01/2012;0.0459;-0.0169
23/01/2012;0.0455;-0.0103
24/01/2012;0.0458;0.0162
25/01/2012;0.0463;0.0102
26/01/2012;0.0468;0.0137
27/01/2012;0.0475;-0.0672
30/01/2012;0.0472;-0.0241
31/01/2012;0.0473;-0.0105
01/02/2012;0.0472;0.0252
02/02/2012;0.0476;0.0161
03/02/2012;0.0477;-0.0174
06/02/2012;0.0469;-0.0059
07/02/2012;0.0473;0.0099
08/02/2012;0.0464;0.0142
09/02/2012;0.0467;0.0021
10/02/2012;0.0466;-0.0261
13/02/2012;0.0472;-0.0139
14/02/2012;0.0470;0.0085
15/02/2012;0.0473;-0.0140
16/02/2012;0.0467;-0.0061
17/02/2012;0.0470;0.0119
20/02/2012;0.0478;-0.0033
21/02/2012;0.0480;0.0461
22/02/2012;0.0486;-0.0032
23/02/2012;0.0485;-0.0116
24/02/2012;0.0486;0.0175
27/02/2012;0.0486;0.0106
28/02/2012;0.0484;0.0203
29/02/2012;0.0490;0.0140
01/03/2012;0.0498;0.0002
02/03/2012;0.0495;0.0073
05/03/2012;0.0492;-0.0228
06/03/2012;0.0498;0.0125
07/03/2012;0.0504;0.0020
08/03/2012;0.0504;0.0000
09/03/2012;0.0500;0.0373
12/03/2012;0.0498;0.0317
13/03/2012;0.0502;0.0221
14/03/2012;0.0504;-0.0323
15/03/2012;0.0501;0.0245
16/03/2012;0.0498;-0.0108
19/03/2012;0.0507;0.0068
20/03/2012;0.0510;0.0113
21/03/2012;0.0507;-0.0332
22/03/2012;0.0505;0.0301
23/03/2012;0.0514;0.0015
26/03/2012;0.0511;0.0095
27/03/2012;0.0514;-0.0369
28/03/2012;0.0515;0.0216
29/03/2012;0.0510;0.0094
30/03/2012;0.0511;0.0183
02/04/2012;0.0512;0.0353
03/04/2012;0.0512;0.0077
04/04/2012;0.0515;0.0006
05/04/2012;0.0519;-0.0345
06/04/2012;0.0515;-0.0399
09/04/2012;0.0509;0.0121
10/04/2012;0.0514;-0.0293
11/04/2012;0.0506;-0.0592
12/04/2012;0.0506;-0.0249
13/04/2012;0.0504;-0.0236
16/04/2012;0.0501;0.0402
17/04/2012;0.0504;-0.0247
18/04/2012;0.0507;0.0289
19/04/2012;0.0505;0.0186
20/04/2012;0.0505;-0.0020
23/04/2012;0.0508;-0.0242
24/04/2012;0.0512;-0.0288
25/04/2012;0.0510;0.0257
26/04/2012;0.0499;0.0425
27/04/2012;0.0502;-0.0128
30/04/2012;0.0500;-0.0196
01/05/2012;0.0502;0.0078
02/05/2012;0.0499;-0.0445
03/05/2012;0.0497;0.0026
04/05/2012;0.0498;-0.0405
07/05/2012;0.0496;-0.0358
08/05/2012;0.0506;0.0079
09/05/2012;0.0509;0.0487
10/05/2012;0.0513;0.0091
11/05/2012;0.0513;-0.0220
14/05/2012;0.0515;0.0037
15/05/2012;0.0515;0.0105
16/05/2012;0.0521;0.0116
17/05/2012;0.0522;0.0073
18/05/2012;0.0523;0.0321
21/05/2012;0.0520;-0.0068
22/05/2012;0.0524;0.0081
23/05/2012;0.0519;0.0005
24/05/2012;0.0514;0.0564
25/05/2012;0.0515;0.0257
28/05/2012;0.0515;-0.0008
29/05/2012;0.0522;-0.0036
30/05/2012;0.0518;-0.0086
31/05/2012;0.0513;0.0109
01/06/2012;0.0512;-0.0037
04/06/2012;0.0510;0.0058
05/06/2012;0.0510;-0.0038
06/06/2012;0.0506;-0.0384
07/06/2012;0.0506;0.0022
08/06/2012;0.0506;-0.0131
11/06/2012;0.0513;-0.0033
12/06/2012;0.0505;0.0367
13/06/2012;0.0503;-0.0272
14/06/2012;0.0504;-0.0190
15/06/2012;0.0504;0.0050
18/06/2012;0.0506;0.0147
19/06/2012;0.0503;0.0181
20/06/2012;0.0503;0.0333
21/06/2012;0.0499;-0.0001
22/06/2012;0.0498;0.0299
25/06/2012;0.0498;-0.0067
26/06/2012;0.0496;0.0087
27/06/2012;0.0496;-0.0152
28/06/2012;0.0489;-0.0072
29/06/2012;0.0492;0.0091
02/07/2012;0.0492;-0.0049
03/07/2012;0.0494;-0.0004
04/07/2012;0.0493;-0.0083
05/07/2012;0.0497;0.0056
06/07/2012;0.0500;-0.0117
09/07/2012;0.0493;0.0069
10/07/2012;0.0486;0.0099
11/07/2012;0.0486;-0.0088
12/07/2012;0.0484;0.0042
13/07/2012;0.0481;0.0189
16/07/2012;0.0481;-0.0037
17/07/2012;0.0481;-0.0092
18/07/2012;0.0480;-0.0076
19/07/2012;0.0478;0.0070
20/07/2012;0.0479;0.0012
23/07/2012;0.0478;-0.0063
24/07/2012;0.0475;0.0020
25/07/2012;0.0473;0.0229
26/07/2012;0.0472;0.0130
27/07/2012;0.0472;0.0036
30/07/2012;0.0478;0.0211
31/07/2012;0.0479;0.0010
01/08/2012;0.0478;-0.0027
02/08/2012;0.0477;-0.0153
03/08/2012;0.0480;-0.0393
06/08/2012;0.0477;-0.0106
07/08/2012;0.0476;0.0089
08/08/2012;0.0479;-0.0022
09/08/2012;0.0479;0.0137
10/08/2012;0.0480;0.0262
13/08/2012;0.0473;-0.0092
14/08/2012;0.0473;-0.0049
15/08/2012;0.0464;-0.0032
16/08/2012;0.0459;-0.0183
17/08/2012;0.0454;0.0079
20/08/2012;0.0458;0.0210
21/08/2012;0.0460;0.0243
22/08/2012;0.0461;-0.0063
23/08/2012;0.0463;0.0006
24/08/2012;0.0460;-0.0060
27/08/2012;0.0461;-0.0244
28/08/2012;0.0456;-0.0272
29/08/2012;0.0460;0.0197
30/08/2012;0.0469;0.0166
31/08/2012;0.0469;0.0126
03/09/2012;0.0475;0.0041
04/09/2012;0.0478;0.0064
05/09/2012;0.0477;0.0099
06/09/2012;0.0480;0.0215
07/09/2012;0.0478;0.0170
10/09/2012;0.0477;-0.0040
11/09/2012;0.0475;0.0050
12/09/2012;0.0478;0.0066
13/09/2012;0.0479;-0.0015
14/09/2012;0.0483;0.0003
17/09/2012;0.0482;-0.0040
18/09/2012;0.0476;0.0033
19/09/2012;0.0472;-0.0031
20/09/2012;0.0467;0.0000
21/09/2012;0.0467;-0.0139
24/09/2012;0.0460;0.0096
25/09/2012;0.0456;-0.0003
26/09/2012;0.0459;0.0195
27/09/2012;0.0472;0.0167
28/09/2012;0.0469;0.0239
01/10/2012;0.0466;0.0097
02/10/2012;0.0464;-0.0103
03/10/2012;0.0463;0.0235
04/10/2012;0.0459;-0.0247
05/10/2012;0.0461;-0.0089
08/10/2012;0.0456;-0.0207
09/10/2012;0.0462;0.0061
10/10/2012;0.0466;-0.0147
11/10/2012;0.0460;-0.0095
12/10/2012;0.0460;0.0128
15/10/2012;0.0457;0.0089
16/10/2012;0.0456;-0.0087
17/10/2012;0.0456;0.0011
18/10/2012;0.0455;0.0117
19/10/2012;0.0453;-0.0052
22/10/2012;0.0450;-0.0003
23/10/2012;0.0452;0.0047
24/10/2012;0.0446;0.0117
25/10/2012;0.0443;-0.0003
26/10/2012;0.0442;0.0057
29/10/2012;0.0444;0.0060
30/10/2012;0.0449;0.0035
31/10/2012;0.0448;0.0092
01/11/2012;0.0454;0.0003
02/11/2012;0.0452;0.0187
05/11/2012;0.0448;-0.0160
06/11/2012;0.0458;0.0079
07/11/2012;0.0460;0.0070
08/11/2012;0.0459;0.0091
09/11/2012;0.0458;0.0049
12/11/2012;0.0459;-0.0242
13/11/2012;0.0459;-0.0148
14/11/2012;0.0455;-0.0261
15/11/2012;0.0462;0.0004
16/11/2012;0.0462;0.0000
19/11/2012;0.0460;0.0182
20/11/2012;0.0465;0.0201
21/11/2012;0.0468;-0.0074
22/11/2012;0.0470;-0.0030
23/11/2012;0.0470;0.0000
26/11/2012;0.0468;0.0038
27/11/2012;0.0466;-0.0191
28/11/2012;0.0460;-0.0194
29/11/2012;0.0464;-0.0062
30/11/2012;0.0465;0.0038
03/12/2012;0.0465;-0.0069
04/12/2012;0.0468;0.0120
05/12/2012;0.0473;0.0156
06/12/2012;0.0478;0.0059
07/12/2012;0.0478;0.0010
10/12/2012;0.0475;0.0007
11/12/2012;0.0478;0.0063
12/12/2012;0.0474;0.0042
13/12/2012;0.0478;0.0097
14/12/2012;0.0476;0.0069
17/12/2012;0.0481;0.0202
18/12/2012;0.0481;0.0127
19/12/2012;0.0487;0.0065
20/12/2012;0.0487;-0.0034
21/12/2012;0.0489;0.0062
24/12/2012;0.0487;0.0038
26/12/2012;0.0481;0.0222
27/12/2012;0.0483;0.0140
28/12/2012;0.0482;0.0006
31/12/2012;0.0480;-0.0008
02/01/2013;0.0477;0.0136
03/01/2013;0.0474;0.0119
04/01/2013;0.0473;-0.0066
07/01/2013;0.0478;0.0045
08/01/2013;0.0480;-0.0028
09/01/2013;0.0481;0.0377
10/01/2013;0.0474;0.0124
11/01/2013;0.0471;-0.0013
14/01/2013;0.0469;0.0075
15/01/2013;0.0469;0.0023
16/01/2013;0.0467;-0.0034
17/01/2013;0.0469;0.0213
18/01/2013;0.0473;0.0225
22/01/2013;0.0467;0.0102
23/01/2013;0.0462;-0.0143
24/01/2013;0.0451;-0.0515
25/01/2013;0.0457;0.0097
28/01/2013;0.0455;-0.0086
29/01/2013;0.0450;-0.0195
30/01/2013;0.0450;-0.0342
31/01/2013;0.0453;0.0223
01/02/2013;0.0449;0.0198
04/02/2013;0.0451;0.0178
05/02/2013;0.0459;-0.0008
06/02/2013;0.0455;0.0040
07/02/2013;0.0449;-0.0337
08/02/2013;0.0453;0.0020
11/02/2013;0.0454;0.0251
12/02/2013;0.0454;-0.0086
13/02/2013;0.0456;0.0301
14/02/2013;0.0455;0.0084
15/02/2013;0.0454;0.0047
19/02/2013;0.0458;-0.0081
20/02/2013;0.0461;0.0018
21/02/2013;0.0460;0.0107
22/02/2013;0.0460;-0.0009
25/02/2013;0.0462;0.0018
26/02/2013;0.0464;-0.0028
27/02/2013;0.0464;0.0043
28/02/2013;0.0464;0.0137
01/03/2013;0.0466;0.0303
04/03/2013;0.0465;0.0078
05/03/2013;0.0468;0.0001
06/03/2013;0.0475;0.0000
07/03/2013;0.0474;0.0133
08/03/2013;0.0472;0.0130
11/03/2013;0.0473;-0.0027
12/03/2013;0.0473;-0.0043
13/03/2013;0.0476;0.0074
14/03/2013;0.0473;0.0088
15/03/2013;0.0468;0.0276
18/03/2013;0.0465;0.0127
19/03/2013;0.0466;-0.0106
20/03/2013;0.0467;0.0088
21/03/2013;0.0464;0.0183
22/03/2013;0.0462;-0.0037
25/03/2013;0.0465;0.0021
26/03/2013;0.0470;-0.0038
27/03/2013;0.0469;0.0000
28/03/2013;0.0462;-0.0024
01/04/2013;0.0464;-0.0003
02/04/2013;0.0464;0.0108
03/04/2013;0.0467;0.0106
04/04/2013;0.0464;0.0177
05/04/2013;0.0463;0.0162
08/04/2013;0.0463;0.0188
09/04/2013;0.0466;0.0219
10/04/2013;0.0464;0.0082
11/04/2013;0.0467;0.0101
12/04/2013;0.0469;-0.0309
15/04/2013;0.0470;-0.0112
16/04/2013;0.0471;-0.0100
17/04/2013;0.0475;0.0064
18/04/2013;0.0480;0.0035
19/04/2013;0.0478;0.0104
22/04/2013;0.0482;-0.0155
23/04/2013;0.0485;0.0100
24/04/2013;0.0484;-0.0254
25/04/2013;0.0486;0.0052
26/04/2013;0.0486;-0.0010
29/04/2013;0.0488;-0.0060
30/04/2013;0.0487;-0.0206
01/05/2013;0.0489;0.0277
02/05/2013;0.0495;0.0251
03/05/2013;0.0493;0.0087
06/05/2013;0.0499;0.0016
07/05/2013;0.0496;-0.0109
08/05/2013;0.0513;-0.0078
09/05/2013;0.0510;-0.0169
10/05/2013;0.0515;0.0241
13/05/2013;0.0529;0.0019
14/05/2013;0.0520;0.0122
15/05/2013;0.0522;0.0080
16/05/2013;0.0516;0.0136
17/05/2013;0.0513;0.0077
20/05/2013;0.0508;0.0099
21/05/2013;0.0513;-0.0069
22/05/2013;0.0519;0.0085
23/05/2013;0.0513;-0.0068
24/05/2013;0.0508;0.0112
28/05/2013;0.0508;-0.0128
29/05/2013;0.0508;-0.0109
30/05/2013;0.0510;0.0216
31/05/2013;0.0502;0.0001
03/06/2013;0.0499;0.0349
04/06/2013;0.0504;0.0015
05/06/2013;0.0504;0.0061
06/06/2013;0.0514;-0.0008
07/06/2013;0.0518;0.0157
10/06/2013;0.0514;0.0055
11/06/2013;0.0502;-0.0126
12/06/2013;0.0509;0.0197
13/06/2013;0.0512;0.0230
14/06/2013;0.0509;0.0127
17/06/2013;0.0504;0.0010
18/06/2013;0.0505;0.0058
19/06/2013;0.0503;0.0024
20/06/2013;0.0502;0.0096
21/06/2013;0.0495;0.0078
24/06/2013;0.0495;0.0129
25/06/2013;0.0491;0.0034
26/06/2013;0.0490;-0.0128
27/06/2013;0.0479;-0.0185
28/06/2013;0.0476;-0.0259
01/07/2013;0.0480;0.0153
02/07/2013;0.0474;0.0199
03/07/2013;0.0479;-0.0350
05/07/2013;0.0477;0.0034
08/07/2013;0.0468;-0.0228
09/07/2013;0.0474;-0.0205
10/07/2013;0.0477;0.0156
11/07/2013;0.0488;0.0336
12/07/2013;0.0477;-0.0460
15/07/2013;0.0481;-0.0287
16/07/2013;0.0476;0.0228
17/07/2013;0.0472;-0.0378
18/07/2013;0.0472;-0.0456
19/07/2013;0.0466;-0.0832
22/07/2013;0.0468;0.0711
23/07/2013;0.0463;-0.0040
24/07/2013;0.0459;0.0172
25/07/2013;0.0465;0.0379
26/07/2013;0.0465;-0.0065
29/07/2013;0.0462;0.0318
30/07/2013;0.0456;0.0009
31/07/2013;0.0451;-0.0357
01/08/2013;0.0456;0.0165
02/08/2013;0.0451;-0.0002
05/08/2013;0.0453;0.0309
06/08/2013;0.0453;0.0015
07/08/2013;0.0455;0.0073
08/08/2013;0.0447;-0.0046
09/08/2013;0.0451;0.0137
12/08/2013;0.0438;-0.0228
13/08/2013;0.0432;-0.0111
14/08/2013;0.0437;0.0196
15/08/2013;0.0441;0.0087
16/08/2013;0.0446;0.0106
19/08/2013;0.0445;-0.0018
20/08/2013;0.0447;-0.0008
21/08/2013;0.0447;0.0373
22/08/2013;0.0455;0.0360
23/08/2013;0.0470;0.0054
26/08/2013;0.0462;0.0145
27/08/2013;0.0463;0.0103
28/08/2013;0.0462;-0.0098
29/08/2013;0.0462;0.0091
30/08/2013;0.0456;0.0216
03/09/2013;0.0459;0.0050
04/09/2013;0.0455;0.0204
05/09/2013;0.0452;0.0017
06/09/2013;0.0456;-0.0151
09/09/2013;0.0451;-0.0101
10/09/2013;0.0464;0.0207
11/09/2013;0.0464;0.0000
12/09/2013;0.0465;0.0159
13/09/2013;0.0465;0.0281
16/09/2013;0.0464;0.0101
17/09/2013;0.0468;0.0075
18/09/2013;0.0468;-0.0042
19/09/2013;0.0465;-0.0032
20/09/2013;0.0455;-0.0162
23/09/2013;0.0449;0.0061
24/09/2013;0.0439;-0.0123
25/09/2013;0.0441;-0.0212
26/09/2013;0.0440;0.0347
27/09/2013;0.0434;-0.0127
30/09/2013;0.0438;-0.0077
01/10/2013;0.0440;0.0394
02/10/2013;0.0438;0.0260
03/10/2013;0.0438;-0.0044
04/10/2013;0.0447;0.0164
07/10/2013;0.0435;-0.0002
08/10/2013;0.0432;-0.0443
09/10/2013;0.0433;-0.0351
10/10/2013;0.0437;0.0332
11/10/2013;0.0431;-0.0141
14/10/2013;0.0428;-0.0385
15/10/2013;0.0421;-0.0096
16/10/2013;0.0421;-0.0780
17/10/2013;0.0426;0.0315
18/10/2013;0.0425;0.0400
21/10/2013;0.0414;-0.0572
22/10/2013;0.0417;0.0122
23/10/2013;0.0407;-0.0509
24/10/2013;0.0410;0.0073
25/10/2013;0.0401;-0.0243
28/10/2013;0.0401;0.0192
29/10/2013;0.0400;0.0046
30/10/2013;0.0384;0.0000
31/10/2013;0.0395;-0.0323
01/11/2013;0.0403;0.0611
04/11/2013;0.0393;0.0215
05/11/2013;0.0394;-0.0012
06/11/2013;0.0385;-0.0025
07/11/2013;0.0389;-0.0116
08/11/2013;0.0395;0.0010
11/11/2013;0.0401;0.0169
12/11/2013;0.0410;0.0300
13/11/2013;0.0416;0.0056
14/11/2013;0.0397;-0.0278
15/11/2013;0.0409;0.0138
18/11/2013;0.0420;-0.0213
19/11/2013;0.0423;-0.0139
20/11/2013;0.0414;-0.0321
21/11/2013;0.0412;-0.0054
22/11/2013;0.0403;-0.0019
25/11/2013;0.0405;0.0063
26/11/2013;0.0417;0.0177
27/11/2013;0.0421;-0.0003
28/11/2013;0.0421;0.0000
29/11/2013;0.0427;0.0284
02/12/2013;0.0420;-0.0195
03/12/2013;0.0407;-0.0033
04/12/2013;0.0402;-0.0004
05/12/2013;0.0402;0.0000
06/12/2013;0.0390;0.0175
09/12/2013;0.0389;0.0226
10/12/2013;0.0387;-0.0247
11/12/2013;0.0383;-0.0156
12/12/2013;0.0378;0.0099
13/12/2013;0.0382;-0.0096
16/12/2013;0.0388;-0.0046
17/12/2013;0.0378;-0.0002
18/12/2013;0.0376;0.0216
19/12/2013;0.0368;-0.0330
20/12/2013;0.0373;-0.0367
23/12/2013;0.0362;-0.0308
24/12/2013;0.0363;-0.0268
26/12/2013;0.0363;-0.0739
27/12/2013;0.0343;0.0445
30/12/2013;0.0360;-0.0253
31/12/2013;0.0370;0.0392
02/01/2014;0.0355;0.0387
03/01/2014;0.0358;-0.0046
06/01/2014;0.0368;0.0215
07/01/2014;0.0367;0.0211
08/01/2014;0.0359;0.0032
09/01/2014;0.0359;0.0261
10/01/2014;0.0364;0.0074
13/01/2014;0.0357;-0.0362
14/01/2014;0.0359;-0.0214
15/01/2014;0.0376;0.0238
16/01/2014;0.0364;0.0356
17/01/2014;0.0361;0.0084
21/01/2014;0.0366;0.0120
22/01/2014;0.0373;0.0086
23/01/2014;0.0382;-0.0116
24/01/2014;0.0377;-0.0021
27/01/2014;0.0377;0.0062
28/01/2014;0.0390;0.0272
29/01/2014;0.0389;0.0320
30/01/2014;0.0377;0.0011
31/01/2014;0.0380;0.0033
03/02/2014;0.0390;0.0017
04/02/2014;0.0386;-0.0015
05/02/2014;0.0385;0.0229
06/02/2014;0.0367;0.0292
07/02/2014;0.0351;-0.0287
10/02/2014;0.0355;0.0121
11/02/2014;0.0362;-0.0286
12/02/2014;0.0367;0.0240
13/02/2014;0.0358;0.0067
14/02/2014;0.0353;-0.0164
18/02/2014;0.0345;-0.0199
19/02/2014;0.0359;0.0335
20/02/2014;0.0346;0.0134
21/02/2014;0.0353;-0.0048
24/02/2014;0.0347;0.0116
25/02/2014;0.0331;-0.0438
26/02/2014;0.0348;0.0224
27/02/2014;0.0333;-0.0407
28/02/2014;0.0333;0.0001
03/03/2014;0.0333;0.0000
04/03/2014;0.0356;0.0001
05/03/2014;0.0351;0.0010
06/03/2014;0.0346;0.0065
07/03/2014;0.0353;0.0105
10/03/2014;0.0344;-0.0120
11/03/2014;0.0341;-0.0281
12/03/2014;0.0356;0.0210
13/03/2014;0.0360;0.0323
14/03/2014;0.0358;0.0087
17/03/2014;0.0347;0.0175
18/03/2014;0.0354;0.0013
19/03/2014;0.0356;0.0024
20/03/2014;0.0348;0.0012
21/03/2014;0.0354;-0.0097
24/03/2014;0.0347;-0.0061
25/03/2014;0.0351;-0.0071
26/03/2014;0.0360;0.0070
27/03/2014;0.0369;0.0326
28/03/2014;0.0373;-0.0046
31/03/2014;0.0371;-0.0016
01/04/2014;0.0373;0.0011
02/04/2014;0.0369;-0.0136
03/04/2014;0.0373;-0.0018
04/04/2014;0.0382;-0.0387
07/04/2014;0.0387;0.0179
08/04/2014;0.0383;-0.0183
09/04/2014;0.0382;-0.0158
10/04/2014;0.0373;0.0178
11/04/2014;0.0376;0.0043
14/04/2014;0.0386;0.0103
15/04/2014;0.0387;0.0095
16/04/2014;0.0392;0.0081
17/04/2014;0.0385;-0.0056
21/04/2014;0.0377;-0.0027
22/04/2014;0.0377;-0.0229
23/04/2014;0.0380;-0.0095
24/04/2014;0.0391;-0.0020
25/04/2014;0.0391;-0.0124
28/04/2014;0.0381;-0.0004
29/04/2014;0.0384;0.0000
30/04/2014;0.0383;0.0359
01/05/2014;0.0377;-0.0077
02/05/2014;0.0381;-0.0128
05/05/2014;0.0391;0.0015
06/05/2014;0.0384;-0.0223
07/05/2014;0.0384;0.0102
08/05/2014;0.0392;-0.0098
09/05/2014;0.0400;0.0042
12/05/2014;0.0408;-0.0029
13/05/2014;0.0406;0.0174
14/05/2014;0.0396;0.0144
15/05/2014;0.0389;-0.0149
16/05/2014;0.0398;-0.0036
19/05/2014;0.0404;0.0124
20/05/2014;0.0391;0.0115
21/05/2014;0.0400;-0.0064
22/05/2014;0.0410;-0.0283
23/05/2014;0.0407;-0.0155
27/05/2014;0.0421;-0.0247
28/05/2014;0.0426;0.0090
29/05/2014;0.0427;0.0243
30/05/2014;0.0420;-0.0106
02/06/2014;0.0414;-0.0034
03/06/2014;0.0421;0.0069
04/06/2014;0.0416;0.0105
05/06/2014;0.0416;0.0019
06/06/2014;0.0408;-0.0102
09/06/2014;0.0410;0.0037
10/06/2014;0.0403;-0.0073
11/06/2014;0.0397;0.0082
12/06/2014;0.0397;-0.0008
13/06/2014;0.0400;-0.0145
16/06/2014;0.0396;-0.0170
17/06/2014;0.0398;-0.0260
18/06/2014;0.0398;0.0055
19/06/2014;0.0390;-0.0137
20/06/2014;0.0388;-0.0395
23/06/2014;0.0381;0.0281
24/06/2014;0.0380;0.0116
25/06/2014;0.0396;-0.0219
26/06/2014;0.0386;0.0412
27/06/2014;0.0382;-0.0418
30/06/2014;0.0393;0.0042
01/07/2014;0.0399;-0.0075
02/07/2014;0.0408;-0.0206
03/07/2014;0.0404;0.0140
07/07/2014;0.0410;-0.0192
08/07/2014;0.0412;-0.0284
09/07/2014;0.0400;-0.0343
10/07/2014;0.0410;0.0098
11/07/2014;0.0400;-0.0014
14/07/2014;0.0404;0.0004
15/07/2014;0.0404;-0.0075
16/07/2014;0.0395;0.0007
17/07/2014;0.0393;-0.0272
18/07/2014;0.0396;-0.0530
21/07/2014;0.0402;0.0156
22/07/2014;0.0405;-0.0004
23/07/2014;0.0392;-0.0182
24/07/2014;0.0393;-0.0241
25/07/2014;0.0399;-0.0278
28/07/2014;0.0390;-0.0275
29/07/2014;0.0393;0.0366
30/07/2014;0.0389;-0.0100
31/07/2014;0.0383;-0.0162
01/08/2014;0.0381;0.0078
04/08/2014;0.0383;0.0171
05/08/2014;0.0380;-0.0099
06/08/2014;0.0383;0.0392
07/08/2014;0.0387;-0.0041
08/08/2014;0.0378;-0.0107
11/08/2014;0.0377;-0.0033
12/08/2014;0.0376;0.0262
13/08/2014;0.0378;0.0212
14/08/2014;0.0381;-0.0163
15/08/2014;0.0381;-0.0239
18/08/2014;0.0373;0.0030
19/08/2014;0.0370;-0.0180
20/08/2014;0.0362;-0.0551
21/08/2014;0.0370;-0.0023
22/08/2014;0.0367;-0.0179
25/08/2014;0.0357;-0.0157
26/08/2014;0.0363;-0.0101
27/08/2014;0.0364;-0.0019
28/08/2014;0.0372;0.0310
29/08/2014;0.0339;-0.0325
02/09/2014;0.0344;0.0025
03/09/2014;0.0341;-0.0045
04/09/2014;0.0354;0.0125
05/09/2014;0.0381;0.1061
08/09/2014;0.0384;-0.0215
09/09/2014;0.0380;-0.0231
10/09/2014;0.0381;-0.0353
11/09/2014;0.0385;0.0184
12/09/2014;0.0385;-0.0177
15/09/2014;0.0358;-0.0963
16/09/2014;0.0382;0.0362
17/09/2014;0.0374;-0.0044
18/09/2014;0.0363;-0.0932
19/09/2014;0.0360;-0.0152
22/09/2014;0.0345;-0.0834
23/09/2014;0.0350;-0.0694
24/09/2014;0.0364;-0.0027
25/09/2014;0.0379;-0.0489
26/09/2014;0.0387;-0.0893
29/09/2014;0.0398;0.1241
30/09/2014;0.0408;0.0207
01/10/2014;0.0395;-0.1477
02/10/2014;0.0396;-0.0233
03/10/2014;0.0393;-0.0294
06/10/2014;0.0384;0.0561
07/10/2014;0.0374;-0.0113
08/10/2014;0.0359;-0.1162
09/10/2014;0.0367;-0.0236
10/10/2014;0.0369;-0.0639
13/10/2014;0.0369;-0.0406
14/10/2014;0.0383;0.0263
15/10/2014;0.0385;0.1132
16/10/2014;0.0396;0.0471
17/10/2014;0.0395;0.0281
20/10/2014;0.0391;0.0592
21/10/2014;0.0372;0.0727
22/10/2014;0.0370;-0.0146
23/10/2014;0.0369;-0.0376
24/10/2014;0.0379;0.0030
27/10/2014;0.0374;0.0450
28/10/2014;0.0374;-0.0537
29/10/2014;0.0365;-0.0786
30/10/2014;0.0385;0.0912
31/10/2014;0.0373;-0.0543
03/11/2014;0.0365;-0.0378
04/11/2014;0.0353;-0.0654
05/11/2014;0.0332;-0.0409
06/11/2014;0.0301;0.0004
07/11/2014;0.0320;0.0000
10/11/2014;0.0332;0.1303
11/11/2014;0.0311;0.0351
12/11/2014;0.0298;0.0396
13/11/2014;0.0298;0.0008
14/11/2014;0.0292;0.0147
17/11/2014;0.0273;-0.0920
18/11/2014;0.0267;0.0090
19/11/2014;0.0266;-0.0194
20/11/2014;0.0255;0.0157
21/11/2014;0.0270;-0.0075
24/11/2014;0.0274;-0.0001
25/11/2014;0.0264;0.0842
26/11/2014;0.0268;0.0225
28/11/2014;0.0260;0.0151
01/12/2014;0.0257;0.0032
02/12/2014;0.0251;0.0193
03/12/2014;0.0226;0.0815
04/12/2014;0.0219;0.0340
05/12/2014;0.0208;-0.1056
08/12/2014;0.0212;0.0126
09/12/2014;0.0217;-0.0213
10/12/2014;0.0217;0.0289
11/12/2014;0.0218;0.0014
12/12/2014;0.0213;0.0000
15/12/2014;0.0210;0.0262
16/12/2014;0.0205;0.0211
17/12/2014;0.0221;0.0303
18/12/2014;0.0221;0.0000
19/12/2014;0.0237;0.0006
22/12/2014;0.0248;0.0498
23/12/2014;0.0245;-0.0027
24/12/2014;0.0249;-0.0639
26/12/2014;0.0244;0.0020
29/12/2014;0.0239;-0.0127
30/12/2014;0.0230;-0.0467
31/12/2014;0.0229;-0.0146
02/01/2015;0.0220;-0.0858
05/01/2015;0.0221;0.0295
06/01/2015;0.0232;0.0331
07/01/2015;0.0232;0.0038
08/01/2015;0.0238;-0.0368
09/01/2015;0.0254;0.0229
12/01/2015;0.0259;-0.0147
13/01/2015;0.0262;0.0350
14/01/2015;0.0264;0.0005
15/01/2015;0.0253;0.0027
16/01/2015;0.0267;0.0216
20/01/2015;0.0286;-0.0244
21/01/2015;0.0284;-0.0317
22/01/2015;0.0272;-0.0214
23/01/2015;0.0288;-0.0152
26/01/2015;0.0294;0.0029
27/01/2015;0.0291;0.0318
28/01/2015;0.0299;0.0690
29/01/2015;0.0298;0.0072
30/01/2015;0.0281;-0.0572
02/02/2015;0.0275;0.0381
03/02/2015;0.0278;-0.0073
04/02/2015;0.0289;0.0010
05/02/2015;0.0289;-0.0073
06/02/2015;0.0265;-0.0442
09/02/2015;0.0276;-0.0026
10/02/2015;0.0285;0.0162
11/02/2015;0.0279;-0.0184
12/02/2015;0.0275;-0.0109
13/02/2015;0.0280;-0.0225
17/02/2015;0.0293;0.0066
18/02/2015;0.0299;0.0051
19/02/2015;0.0301;-0.0144
20/02/2015;0.0286;-0.0770
23/02/2015;0.0288;0.0481
24/02/2015;0.0297;0.0406
25/02/2015;0.0281;-0.0150
26/02/2015;0.0287;0.0099
27/02/2015;0.0286;-0.0174
02/03/2015;0.0300;0.0225
03/03/2015;0.0290;0.0249
04/03/2015;0.0285;0.0327
05/03/2015;0.0289;0.0161
06/03/2015;0.0295;0.0125
09/03/2015;0.0301;-0.0336
10/03/2015;0.0253;0.0492
11/03/2015;0.0260;0.0652
12/03/2015;0.0263;-0.0266
13/03/2015;0.0265;0.0780
16/03/2015;0.0270;-0.0233
17/03/2015;0.0278;-0.0094
18/03/2015;0.0274;0.0548
19/03/2015;0.0276;-0.0104
20/03/2015;0.0271;-0.0381
23/03/2015;0.0266;0.0329
24/03/2015;0.0265;0.0223
25/03/2015;0.0277;0.0122
26/03/2015;0.0289;0.0014
27/03/2015;0.0292;-0.0233
30/03/2015;0.0290;-0.0118
31/03/2015;0.0286;0.0112
01/04/2015;0.0292;0.0003
02/04/2015;0.0292;0.0000
06/04/2015;0.0286;0.0734
07/04/2015;0.0278;-0.0059
08/04/2015;0.0276;-0.0137
09/04/2015;0.0283;-0.0144
10/04/2015;0.0295;-0.0150
13/04/2015;0.0284;-0.0452
14/04/2015;0.0290;0.0017
15/04/2015;0.0294;-0.0097
16/04/2015;0.0292;0.0021
17/04/2015;0.0299;0.0392
20/04/2015;0.0291;-0.0222
21/04/2015;0.0301;-0.0277
22/04/2015;0.0311;0.0411
23/04/2015;0.0312;-0.0092
24/04/2015;0.0315;0.0014
27/04/2015;0.0315;0.0387
28/04/2015;0.0316;0.0127
29/04/2015;0.0316;0.0786
30/04/2015;0.0333;-0.0417
01/05/2015;0.0329;0.0267
04/05/2015;0.0317;-0.0234
05/05/2015;0.0317;0.0051
06/05/2015;0.0312;-0.0099
07/05/2015;0.0309;-0.0218
08/05/2015;0.0313;-0.0046
11/05/2015;0.0323;0.0034
12/05/2015;0.0324;0.0389
13/05/2015;0.0319;0.0186
14/05/2015;0.0336;-0.0171
15/05/2015;0.0345;0.0124
18/05/2015;0.0345;0.0058
19/05/2015;0.0355;-0.0026
20/05/2015;0.0374;-0.0039
21/05/2015;0.0361;0.0325
22/05/2015;0.0346;0.0203
26/05/2015;0.0367;0.0396
27/05/2015;0.0361;0.0087
28/05/2015;0.0354;-0.0480
29/05/2015;0.0371;0.0399
01/06/2015;0.0383;-0.0213
02/06/2015;0.0387;-0.0054
03/06/2015;0.0386;0.0211
04/06/2015;0.0395;0.0157
05/06/2015;0.0385;0.0150
08/06/2015;0.0379;-0.0219
09/06/2015;0.0371;-0.0408
10/06/2015;0.0366;-0.0158
11/06/2015;0.0369;-0.0236
12/06/2015;0.0383;-0.0084
15/06/2015;0.0378;0.0033
16/06/2015;0.0368;-0.0820
17/06/2015;0.0362;0.0299
18/06/2015;0.0369;0.0169
19/06/2015;0.0354;0.0297
22/06/2015;0.0354;-0.0099
23/06/2015;0.0348;0.0021
24/06/2015;0.0353;-0.0239
25/06/2015;0.0354;0.0218
26/06/2015;0.0349;-0.0316
29/06/2015;0.0351;-0.0177
30/06/2015;0.0345;-0.0186
01/07/2015;0.0331;-0.0209
02/07/2015;0.0340;0.0061
06/07/2015;0.0330;-0.0088
07/07/2015;0.0335;0.0191
08/07/2015;0.0347;0.0199
09/07/2015;0.0360;0.0505
10/07/2015;0.0357;0.0110
13/07/2015;0.0364;0.0134
14/07/2015;0.0361;0.0461
15/07/2015;0.0348;0.0040
16/07/2015;0.0354;0.0020
17/07/2015;0.0366;0.0406
20/07/2015;0.0366;-0.0089
21/07/2015;0.0372;0.0114
22/07/2015;0.0369;-0.0094
23/07/2015;0.0366;-0.0300
24/07/2015;0.0361;0.0241
27/07/2015;0.0348;0.0267
28/07/2015;0.0363;0.0395
29/07/2015;0.0368;0.0114
30/07/2015;0.0375;-0.0036
31/07/2015;0.0375;-0.0145
03/08/2015;0.0385;0.0003
04/08/2015;0.0378;-0.0121
05/08/2015;0.0367;-0.0123
06/08/2015;0.0372;0.0105
07/08/2015;0.0360;0.0409
10/08/2015;0.0357;-0.0111
11/08/2015;0.0347;-0.0466
12/08/2015;0.0351;0.0207
13/08/2015;0.0345;0.0142
14/08/2015;0.0343;0.0105
17/08/2015;0.0356;0.0087
18/08/2015;0.0348;-0.0025
19/08/2015;0.0343;-0.0017
20/08/2015;0.0343;-0.0062
21/08/2015;0.0345;0.0081
24/08/2015;0.0345;0.0137
25/08/2015;0.0340;-0.0220
26/08/2015;0.0336;-0.0319
27/08/2015;0.0331;0.0217
28/08/2015;0.0334;0.0349
31/08/2015;0.0344;0.0167
01/09/2015;0.0348;0.0286
02/09/2015;0.0347;-0.0011
03/09/2015;0.0335;0.0171
04/09/2015;0.0335;-0.0068
08/09/2015;0.0342;-0.0091
09/09/2015;0.0345;0.0246
10/09/2015;0.0347;0.0384
11/09/2015;0.0338;-0.0007
14/09/2015;0.0346;0.0078
15/09/2015;0.0348;-0.0047
16/09/2015;0.0344;0.0287
17/09/2015;0.0342;-0.0107
18/09/2015;0.0338;-0.0211
21/09/2015;0.0332;-0.0084
22/09/2015;0.0328;0.0167
23/09/2015;0.0329;0.0151
24/09/2015;0.0331;0.0110
25/09/2015;0.0318;-0.0330
28/09/2015;0.0322;-0.0088
29/09/2015;0.0322;0.0278
30/09/2015;0.0326;0.0414
01/10/2015;0.0318;0.0128
02/10/2015;0.0325;0.0241
05/10/2015;0.0338;0.0009
06/10/2015;0.0338;-0.0003
07/10/2015;0.0335;0.0033
08/10/2015;0.0341;0.0217
09/10/2015;0.0346;0.0016
12/10/2015;0.0341;-0.0131
13/10/2015;0.0339;-0.0117
14/10/2015;0.0334;-0.0049
15/10/2015;0.0339;0.0106
16/10/2015;0.0341;0.0000
19/10/2015;0.0349;-0.0111
20/10/2015;0.0355;-0.0204
21/10/2015;0.0344;-0.0296
22/10/2015;0.0341;-0.0560
23/10/2015;0.0350;0.0453
26/10/2015;0.0338;-0.0410
27/10/2015;0.0341;0.0200
28/10/2015;0.0347;0.0362
29/10/2015;0.0352;0.0078
30/10/2015;0.0352;0.0076
02/11/2015;0.0350;-0.0021
03/11/2015;0.0349;0.0349
04/11/2015;0.0347;0.0016
05/11/2015;0.0348;0.0000
06/11/2015;0.0344;-0.0301
09/11/2015;0.0342;0.0116
10/11/2015;0.0333;0.0419
11/11/2015;0.0332;0.0061
12/11/2015;0.0336;-0.0094
13/11/2015;0.0334;0.0019
16/11/2015;0.0337;-0.0127
17/11/2015;0.0335;0.0137
18/11/2015;0.0330;-0.0035
19/11/2015;0.0327;0.0190
20/11/2015;0.0321;-0.0391
23/11/2015;0.0320;0.0076
24/11/2015;0.0328;0.0209
25/11/2015;0.0331;0.0184
27/11/2015;0.0338;-0.0250
30/11/2015;0.0347;-0.0201
01/12/2015;0.0343;-0.0216
02/12/2015;0.0338;-0.0416
03/12/2015;0.0343;0.0193
04/12/2015;0.0350;-0.0046
07/12/2015;0.0355;-0.0056
08/12/2015;0.0355;0.0036
09/12/2015;0.0359;-0.0084
10/12/2015;0.0360;-0.0021
11/12/2015;0.0348;-0.0333
14/12/2015;0.0354;0.0018
15/12/2015;0.0367;-0.0112
16/12/2015;0.0375;0.0094
17/12/2015;0.0375;0.0368
18/12/2015;0.0380;0.0046
21/12/2015;0.0384;-0.0067
22/12/2015;0.0380;-0.0038
23/12/2015;0.0379;-0.0047
24/12/2015;0.0384;0.0058
28/12/2015;0.0382;0.0342
29/12/2015;0.0376;0.0176
30/12/2015;0.0382;0.0205
31/12/2015;0.0382;0.0024
04/01/2016;0.0383;0.0063
05/01/2016;0.0382;-0.0002
06/01/2016;0.0371;-0.0408
07/01/2016;0.0379;0.0029
08/01/2016;0.0374;-0.0082
11/01/2016;0.0367;-0.0222
12/01/2016;0.0369;0.0173
13/01/2016;0.0365;-0.0378
14/01/2016;0.0359;-0.0369
15/01/2016;0.0361;-0.0177
19/01/2016;0.0363;0.0041
20/01/2016;0.0362;-0.0108
21/01/2016;0.0365;0.0009
22/01/2016;0.0363;-0.0144
25/01/2016;0.0358;-0.0234
26/01/2016;0.0365;0.0436
27/01/2016;0.0364;0.0154
28/01/2016;0.0370;-0.0212
29/01/2016;0.0361;-0.0433
01/02/2016;0.0357;0.0095
02/02/2016;0.0356;-0.0175
03/02/2016;0.0364;0.0332
04/02/2016;0.0369;0.0010
05/02/2016;0.0372;0.0437
08/02/2016;0.0369;0.0072
09/02/2016;0.0366;0.0289
10/02/2016;0.0373;-0.0185
11/02/2016;0.0380;-0.0024
12/02/2016;0.0377;0.0028
16/02/2016;0.0380;-0.0023
17/02/2016;0.0368;-0.0328
18/02/2016;0.0369;-0.0017
19/02/2016;0.0363;0.0071
22/02/2016;0.0361;0.0178
23/02/2016;0.0361;0.0146
24/02/2016;0.0360;0.0111
25/02/2016;0.0362;-0.0157
26/02/2016;0.0360;-0.0022
29/02/2016;0.0368;0.0221
01/03/2016;0.0372;0.0039
02/03/2016;0.0370;-0.0100
03/03/2016;0.0372;-0.0018
04/03/2016;0.0373;0.0012
07/03/2016;0.0370;0.0080
08/03/2016;0.0369;-0.0085
09/03/2016;0.0365;0.0283
10/03/2016;0.0364;0.0085
11/03/2016;0.0368;-0.0146
14/03/2016;0.0369;-0.0227
15/03/2016;0.0366;0.0012
16/03/2016;0.0369;0.0097
17/03/2016;0.0385;-0.0216
18/03/2016;0.0388;-0.0079
21/03/2016;0.0385;0.0175
22/03/2016;0.0386;0.0184
23/03/2016;0.0386;-0.0040
24/03/2016;0.0383;0.0012
28/03/2016;0.0387;0.0339
29/03/2016;0.0399;0.0225
30/03/2016;0.0395;0.0031
31/03/2016;0.0385;0.0064
01/04/2016;0.0389;0.0013
04/04/2016;0.0388;0.0016
05/04/2016;0.0384;0.0023
06/04/2016;0.0382;-0.0149
07/04/2016;0.0386;-0.0001
08/04/2016;0.0383;-0.0132
11/04/2016;0.0376;-0.0265
12/04/2016;0.0380;-0.0068
13/04/2016;0.0380;-0.0118
14/04/2016;0.0374;-0.0021
15/04/2016;0.0377;0.0110
18/04/2016;0.0381;0.0065
19/04/2016;0.0381;-0.0129
20/04/2016;0.0369;-0.0133
21/04/2016;0.0376;0.0108
22/04/2016;0.0372;0.0146
25/04/2016;0.0365;-0.0100
26/04/2016;0.0368;-0.0096
27/04/2016;0.0359;-0.0276
28/04/2016;0.0354;-0.0048
29/04/2016;0.0339;-0.0179
02/05/2016;0.0343;-0.0055
03/05/2016;0.0354;0.0624
04/05/2016;0.0352;0.0196
05/05/2016;0.0357;0.0245
06/05/2016;0.0353;-0.0153
09/05/2016;0.0345;-0.0145
10/05/2016;0.0349;-0.0116
11/05/2016;0.0335;-0.0033
12/05/2016;0.0337;-0.0252
13/05/2016;0.0321;-0.0325
16/05/2016;0.0324;0.0318
17/05/2016;0.0319;-0.0083
18/05/2016;0.0316;0.0126
19/05/2016;0.0319;-0.0002
20/05/2016;0.0336;0.0533
23/05/2016;0.0329;-0.0038
24/05/2016;0.0326;-0.0199
25/05/2016;0.0334;0.0349
26/05/2016;0.0336;-0.0063
27/05/2016;0.0320;-0.0324
30/05/2016;0.0314;-0.0074
31/05/2016;0.0319;0.0332
01/06/2016;0.0317;0.0098
02/06/2016;0.0332;0.0359
03/06/2016;0.0323;0.0049
06/06/2016;0.0325;-0.0033
07/06/2016;0.0330;0.0259
08/06/2016;0.0326;-0.0030
09/06/2016;0.0319;-0.0088
10/06/2016;0.0322;0.0004
13/06/2016;0.0324;0.0107
14/06/2016;0.0317;-0.0239
15/06/2016;0.0312;0.0026
16/06/2016;0.0314;-0.0093
17/06/2016;0.0311;0.0141
20/06/2016;0.0302;-0.0119
21/06/2016;0.0295;-0.0370
22/06/2016;0.0293;-0.0081
23/06/2016;0.0295;-0.0160
24/06/2016;0.0298;0.0023
27/06/2016;0.0293;0.0134
28/06/2016;0.0298;0.0260
29/06/2016;0.0303;0.0185
30/06/2016;0.0305;0.0193
01/07/2016;0.0306;-0.0114
05/07/2016;0.0312;0.0218
06/07/2016;0.0304;-0.0025
07/07/2016;0.0299;-0.0014
08/07/2016;0.0292;-0.0235
11/07/2016;0.0295;-0.0025
12/07/2016;0.0295;0.0174
13/07/2016;0.0288;-0.0012
14/07/2016;0.0294;0.0251
15/07/2016;0.0299;0.0090
18/07/2016;0.0299;0.0017
19/07/2016;0.0305;-0.0269
20/07/2016;0.0299;0.0008
21/07/2016;0.0298;-0.0032
22/07/2016;0.0291;0.0103
25/07/2016;0.0296;0.0069
26/07/2016;0.0291;-0.0135
27/07/2016;0.0295;-0.0012
28/07/2016;0.0290;-0.0082
29/07/2016;0.0282;-0.0053
01/08/2016;0.0283;0.0067
02/08/2016;0.0276;-0.0020
03/08/2016;0.0268;-0.0294
04/08/2016;0.0275;0.0177
05/08/2016;0.0267;0.0039
08/08/2016;0.0256;0.0107
09/08/2016;0.0263;0.0101
10/08/2016;0.0263;-0.0047
11/08/2016;0.0258;-0.0105
12/08/2016;0.0261;0.0011
15/08/2016;0.0260;-0.0051
16/08/2016;0.0249;-0.0050
17/08/2016;0.0253;0.0180
18/08/2016;0.0248;0.0067
19/08/2016;0.0264;0.0307
22/08/2016;0.0253;-0.0003
23/08/2016;0.0247;0.0098
24/08/2016;0.0257;0.0229
25/08/2016;0.0262;0.0099
26/08/2016;0.0270;0.0003
29/08/2016;0.0259;-0.0073
30/08/2016;0.0266;-0.0015
31/08/2016;0.0276;-0.0007
01/09/2016;0.0279;0.0128
02/09/2016;0.0275;0.0280
06/09/2016;0.0268;-0.0037
07/09/2016;0.0272;-0.0077
08/09/2016;0.0276;0.0079
09/09/2016;0.0274;-0.0030
12/09/2016;0.0270;0.0099
13/09/2016;0.0257;0.0001
14/09/2016;0.0256;0.0077
15/09/2016;0.0255;-0.0040
16/09/2016;0.0261;0.0075
19/09/2016;0.0252;-0.0081
20/09/2016;0.0247;0.0200
21/09/2016;0.0250;0.0042
22/09/2016;0.0251;0.0090
23/09/2016;0.0251;0.0222
26/09/2016;0.0248;-0.0157
27/09/2016;0.0247;0.0422
28/09/2016;0.0240;0.0180
29/09/2016;0.0238;-0.0083
30/09/2016;0.0239;0.0113
03/10/2016;0.0239;0.0083
04/10/2016;0.0243;0.0064
05/10/2016;0.0242;0.0357
06/10/2016;0.0251;0.0092
07/10/2016;0.0256;0.0056
10/10/2016;0.0251;0.0072
11/10/2016;0.0248;-0.0295
12/10/2016;0.0248;0.0217
13/10/2016;0.0255;-0.0174
14/10/2016;0.0255;0.0050
17/10/2016;0.0256;0.0178
18/10/2016;0.0264;0.0058
19/10/2016;0.0272;-0.0100
20/10/2016;0.0266;0.0079
21/10/2016;0.0260;0.0099
24/10/2016;0.0262;0.0037
25/10/2016;0.0259;-0.0008
26/10/2016;0.0257;-0.0114
27/10/2016;0.0249;0.0317
28/10/2016;0.0253;0.0151
31/10/2016;0.0255;0.0088
01/11/2016;0.0266;-0.0313
02/11/2016;0.0263;0.0171
03/11/2016;0.0264;0.0070
04/11/2016;0.0279;-0.0382
05/11/2016;0.0296;-0.0096
06/11/2016;0.0284;-0.0239
07/11/2016;0.0288;0.0065
08/11/2016;0.0290;0.0264
09/11/2016;0.0287;0.0059
10/11/2016;0.0280;0.0113
11/11/2016;0.0277;-0.0269
12/11/2016;0.0291;0.0142
13/11/2016;0.0287;-0.0140
14/11/2016;0.0282;0.0007
15/11/2016;0.0280;-0.0310
16/11/2016;0.0296;0.0153
17/11/2016;0.0299;0.0142
18/11/2016;0.0301;0.0244
19/11/2016;0.0292;0.0088
20/11/2016;0.0313;0.0001
21/11/2016;0.0327;-0.0095
22/11/2016;0.0320;-0.0085
23/11/2016;0.0332;-0.0014
24/11/2016;0.0328;0.0052
25/11/2016;0.0347;-0.0079
26/11/2016;0.0353;-0.0177
27/11/2016;0.0342;-0.0079
28/11/2016;0.0333;0.0012
29/11/2016;0.0334;0.0082
30/11/2016;0.0330;0.0098
01/12/2016;0.0335;0.0010
02/12/2016;0.0339;-0.0023
03/12/2016;0.0333;-0.0098
04/12/2016;0.0348;0.0063
05/12/2016;0.0335;0.0113
06/12/2016;0.0336;-0.0052
07/12/2016;0.0329;0.0034
08/12/2016;0.0333;0.0028
09/12/2016;0.0333;-0.0212
10/12/2016;0.0347;-0.0020
11/12/2016;0.0339;-0.0193
12/12/2016;0.0332;-0.0184
13/12/2016;0.0328;-0.0218
14/12/2016;0.0334;0.0127
15/12/2016;0.0337;0.0063
16/12/2016;0.0330;-0.0196
17/12/2016;0.0332;-0.0047
18/12/2016;0.0337;0.0234
19/12/2016;0.0334;-0.0101
20/12/2016;0.0345;-0.0304
21/12/2016;0.0340;-0.0168
22/12/2016;0.0340;0.0091
23/12/2016;0.0333;-0.0112
24/12/2016;0.0341;0.0294
25/12/2016;0.0339;-0.0235
26/12/2016;0.0332;-0.0133
27/12/2016;0.0337;0.0003
28/12/2016;0.0344;0.0542
29/12/2016;0.0348;-0.0076
30/12/2016;0.0355;0.0001
31/12/2016;0.0364;-0.0127
01/01/2017;0.0363;0.0000
02/01/2017;0.0374;-0.0022
03/01/2017;0.0365;-0.0324
04/01/2017;0.0369;-0.0241
05/01/2017;0.0363;0.0004
06/01/2017;0.0362;0.0081
07/01/2017;0.0360;0.0035
08/01/2017;0.0362;-0.0007
09/01/2017;0.0357;0.0060
10/01/2017;0.0358;0.0097
11/01/2017;0.0345;-0.0174
12/01/2017;0.0348;0.0086
13/01/2017;0.0345;0.0007
14/01/2017;0.0341;0.0091
15/01/2017;0.0343;0.0085
16/01/2017;0.0339;-0.0079
17/01/2017;0.0347;0.0142
18/01/2017;0.0356;0.0100
19/01/2017;0.0349;-0.0081
20/01/2017;0.0351;-0.0137
21/01/2017;0.0355;-0.0067
22/01/2017;0.0347;-0.0097
23/01/2017;0.0336;-0.0335
24/01/2017;0.0340;0.0288
25/01/2017;0.0336;-0.0028
26/01/2017;0.0330;0.0074
27/01/2017;0.0317;-0.0205
28/01/2017;0.0326;-0.0005
29/01/2017;0.0327;0.0035
30/01/2017;0.0333;0.0115
31/01/2017;0.0333;-0.0022
01/02/2017;0.0335;0.0313
02/02/2017;0.0340;0.0120
03/02/2017;0.0344;-0.0307
04/02/2017;0.0343;-0.0324
05/02/2017;0.0349;-0.0002
06/02/2017;0.0343;0.0065
07/02/2017;0.0347;0.0093
08/02/2017;0.0344;0.0010
09/02/2017;0.0342;-0.0038
10/02/2017;0.0348;0.0185
11/02/2017;0.0355;0.0009
12/02/2017;0.0355;-0.0329
13/02/2017;0.0358;0.0123
14/02/2017;0.0358;-0.0309
15/02/2017;0.0349;-0.0332
16/02/2017;0.0346;-0.0198
17/02/2017;0.0350;-0.0169
18/02/2017;0.0341;0.0090
19/02/2017;0.0337;-0.0237
20/02/2017;0.0336;0.0216
21/02/2017;0.0341;-0.0072
22/02/2017;0.0340;0.0136
23/02/2017;0.0336;-0.0235
24/02/2017;0.0331;-0.0170
25/02/2017;0.0336;0.0023
26/02/2017;0.0331;0.0334
27/02/2017;0.0329;0.0351
28/02/2017;0.0328;-0.0216
01/03/2017;0.0325;-0.0104
02/03/2017;0.0322;0.0229
03/03/2017;0.0315;-0.0246
04/03/2017;0.0315;0.0284
05/03/2017;0.0316;0.0090
06/03/2017;0.0321;-0.0053
07/03/2017;0.0316;-0.0294
08/03/2017;0.0322;-0.0093
09/03/2017;0.0317;-0.0009
10/03/2017;0.0315;0.0068
11/03/2017;0.0312;0.0090
12/03/2017;0.0318;0.0236
13/03/2017;0.0317;-0.0018
14/03/2017;0.0315;-0.0031
15/03/2017;0.0313;-0.0109
16/03/2017;0.0311;0.0134
17/03/2017;0.0313;0.0120
18/03/2017;0.0306;0.0158
19/03/2017;0.0307;0.0130
20/03/2017;0.0306;-0.0288
21/03/2017;0.0294;-0.0497
22/03/2017;0.0303;0.0566
23/03/2017;0.0299;-0.0235
24/03/2017;0.0300;-0.1650
25/03/2017;0.0299;0.0214
26/03/2017;0.0294;0.0173
27/03/2017;0.0300;0.0279
28/03/2017;0.0297;-0.0061
29/03/2017;0.0298;-0.0063
30/03/2017;0.0310;0.0113
31/03/2017;0.0297;-0.0154
01/04/2017;0.0293;-0.0234
02/04/2017;0.0294;-0.0037
03/04/2017;0.0296;-0.0033
04/04/2017;0.0298;0.0134
05/04/2017;0.0298;0.0008
06/04/2017;0.0291;0.0093
07/04/2017;0.0286;-0.0097
08/04/2017;0.0293;-0.0154
09/04/2017;0.0303;0.0183
10/04/2017;0.0311;0.0154
11/04/2017;0.0316;0.0042
12/04/2017;0.0318;-0.0037
13/04/2017;0.0312;-0.0052
14/04/2017;0.0311;-0.0101
15/04/2017;0.0314;-0.0021
16/04/2017;0.0303;0.0346
17/04/2017;0.0292;-0.0242
18/04/2017;0.0288;0.0151
19/04/2017;0.0288;0.0287
20/04/2017;0.0295;0.0010
21/04/2017;0.0291;0.0249
22/04/2017;0.0293;0.0221
23/04/2017;0.0288;0.0180
24/04/2017;0.0293;0.0102
25/04/2017;0.0301;0.0046
26/04/2017;0.0296;-0.0112
27/04/2017;0.0300;0.0026
28/04/2017;0.0295;0.0071
29/04/2017;0.0298;-0.0280
30/04/2017;0.0295;0.0041
01/05/2017;0.0280;-0.0080
02/05/2017;0.0274;-0.0056
03/05/2017;0.0261;-0.0203
04/05/2017;0.0262;-0.0036
05/05/2017;0.0240;-0.0446
06/05/2017;0.0256;-0.0064
07/05/2017;0.0232;-0.0445
08/05/2017;0.0225;0.0471
09/05/2017;0.0211;-0.0207
10/05/2017;0.0234;0.0419
11/05/2017;0.0225;0.0043
12/05/2017;0.0231;0.0143
13/05/2017;0.0222;-0.0244
14/05/2017;0.0217;0.0333
15/05/2017;0.0206;-0.0094
16/05/2017;0.0206;0.0086
17/05/2017;0.0211;-0.0011
18/05/2017;0.0215;0.0221
19/05/2017;0.0230;0.0099
20/05/2017;0.0223;0.0097
21/05/2017;0.0219;0.0078
22/05/2017;0.0226;0.0121
23/05/2017;0.0218;0.0237
24/05/2017;0.0222;0.0028
25/05/2017;0.0213;0.0052
26/05/2017;0.0199;-0.0172
27/05/2017;0.0198;-0.0003
28/05/2017;0.0204;0.0033
29/05/2017;0.0198;0.0013
30/05/2017;0.0192;-0.0197
31/05/2017;0.0195;-0.0083
01/06/2017;0.0199;0.0148
02/06/2017;0.0198;-0.0099
03/06/2017;0.0208;0.0072
04/06/2017;0.0205;-0.0070
05/06/2017;0.0195;-0.0029
06/06/2017;0.0194;0.0067
07/06/2017;0.0186;-0.0067
08/06/2017;0.0172;-0.0951
09/06/2017;0.0183;-0.0382
10/06/2017;0.0190;0.0220
11/06/2017;0.0197;0.0190
12/06/2017;0.0198;-0.0564
13/06/2017;0.0200;-0.0002
14/06/2017;0.0192;-0.0090
15/06/2017;0.0176;-0.0216
16/06/2017;0.0182;-0.0073
17/06/2017;0.0189;0.0585
18/06/2017;0.0199;0.0114
19/06/2017;0.0208;-0.0011
20/06/2017;0.0208;0.0305
21/06/2017;0.0215;0.0095
22/06/2017;0.0221;0.0271
23/06/2017;0.0218;-0.0192
24/06/2017;0.0225;0.0301
25/06/2017;0.0216;-0.0250
26/06/2017;0.0218;0.0099
27/06/2017;0.0216;-0.0332
28/06/2017;0.0219;-0.0003
29/06/2017;0.0222;0.0244
30/06/2017;0.0223;0.0320
01/07/2017;0.0211;-0.0018
02/07/2017;0.0220;0.0230
03/07/2017;0.0240;0.0323
04/07/2017;0.0232;0.0020
05/07/2017;0.0211;-0.0392
06/07/2017;0.0199;-0.0114
07/07/2017;0.0199;0.0293
08/07/2017;0.0207;0.0204
09/07/2017;0.0203;-0.0097
10/07/2017;0.0204;0.0115
11/07/2017;0.0208;0.0186
12/07/2017;0.0196;-0.0470
13/07/2017;0.0206;0.0028
14/07/2017;0.0206;0.0291
15/07/2017;0.0206;-0.0131
16/07/2017;0.0205;-0.0082
17/07/2017;0.0200;-0.0224
18/07/2017;0.0196;-0.0387
19/07/2017;0.0201;-0.0116
20/07/2017;0.0196;0.0020
21/07/2017;0.0192;0.0004
22/07/2017;0.0188;-0.0157
23/07/2017;0.0196;-0.0064
24/07/2017;0.0197;0.0216
25/07/2017;0.0199;0.0035
26/07/2017;0.0207;0.0314
27/07/2017;0.0209;-0.0037
28/07/2017;0.0203;-0.0160
29/07/2017;0.0204;0.0101
30/07/2017;0.0209;-0.0114
31/07/2017;0.0203;0.0086
01/08/2017;0.0197;-0.0206
02/08/2017;0.0206;0.0223
03/08/2017;0.0201;-0.0132
04/08/2017;0.0197;-0.0224
05/08/2017;0.0190;-0.0115
06/08/2017;0.0191;0.0130
07/08/2017;0.0185;0.0165
08/08/2017;0.0181;-0.0124
09/08/2017;0.0192;0.0209
10/08/2017;0.0197;-0.0028
11/08/2017;0.0195;0.0088
12/08/2017;0.0202;0.0083
13/08/2017;0.0202;0.0005
14/08/2017;0.0201;-0.0057
15/08/2017;0.0192;-0.0241
16/08/2017;0.0190;0.0081
17/08/2017;0.0188;0.0082
18/08/2017;0.0188;0.0003
19/08/2017;0.0195;0.0184
20/08/2017;0.0198;-0.0024
21/08/2017;0.0199;0.0024
22/08/2017;0.0196;-0.0180
23/08/2017;0.0196;0.0088
24/08/2017;0.0197;0.0251
25/08/2017;0.0190;0.0035
26/08/2017;0.0192;0.0064
27/08/2017;0.0186;-0.0059
28/08/2017;0.0186;-0.0005
29/08/2017;0.0186;0.0136
30/08/2017;0.0190;0.0071
31/08/2017;0.0198;-0.0048
01/09/2017;0.0202;-0.0056
02/09/2017;0.0205;0.0143
03/09/2017;0.0206;-0.0078
04/09/2017;0.0199;0.0355
05/09/2017;0.0193;0.0065
06/09/2017;0.0189;0.0067
07/09/2017;0.0184;-0.0113
08/09/2017;0.0180;0.0055
09/09/2017;0.0183;0.0067
10/09/2017;0.0182;-0.0028
11/09/2017;0.0192;0.0071
12/09/2017;0.0191;-0.0029
13/09/2017;0.0197;-0.0021
14/09/2017;0.0198;-0.0003
15/09/2017;0.0204;-0.0007
16/09/2017;0.0199;-0.0113
17/09/2017;0.0197;-0.0039
18/09/2017;0.0194;-0.0138
19/09/2017;0.0193;-0.0034
20/09/2017;0.0198;0.0119
21/09/2017;0.0200;0.0095
22/09/2017;0.0200;0.0003
23/09/2017;0.0206;0.0117
24/09/2017;0.0200;0.0068
25/09/2017;0.0200;-0.0006
26/09/2017;0.0198;-0.0018
27/09/2017;0.0193;-0.0065
28/09/2017;0.0194;0.0100
29/09/2017;0.0197;-0.0233
30/09/2017;0.0203;0.0163
01/10/2017;0.0197;-0.0073
02/10/2017;0.0201;0.0012
03/10/2017;0.0194;-0.0169
04/10/2017;0.0198;-0.0001
05/10/2017;0.0201;0.0141
06/10/2017;0.0203;0.0081
07/10/2017;0.0203;-0.0057
08/10/2017;0.0213;0.0099
09/10/2017;0.0227;-0.0147
10/10/2017;0.0228;-0.0093
11/10/2017;0.0229;0.0048
12/10/2017;0.0238;0.0022
13/10/2017;0.0236;-0.0037
14/10/2017;0.0230;0.0070
15/10/2017;0.0228;-0.0142
16/10/2017;0.0223;0.0068
17/10/2017;0.0225;0.0161
18/10/2017;0.0218;0.0037
19/10/2017;0.0220;-0.0062
20/10/2017;0.0216;0.0017
21/10/2017;0.0221;0.0138
22/10/2017;0.0218;0.0154
23/10/2017;0.0230;-0.0037
24/10/2017;0.0222;-0.0157
25/10/2017;0.0218;-0.0033
26/10/2017;0.0205;0.0000
27/10/2017;0.0205;0.0016
28/10/2017;0.0198;0.0077
29/10/2017;0.0204;-0.0042
30/10/2017;0.0205;0.0183
31/10/2017;0.0198;-0.0172
01/11/2017;0.0198;-0.0026
02/11/2017;0.0200;-0.0005
03/11/2017;0.0198;0.0012
04/11/2017;0.0197;0.0045
05/11/2017;0.0196;0.0003
06/11/2017;0.0193;-0.0204
07/11/2017;0.0197;0.0004
08/11/2017;0.0198;0.0107
09/11/2017;0.0194;0.0073
10/11/2017;0.0193;0.0172
11/11/2017;0.0191;-0.0085
12/11/2017;0.0194;0.0021
13/11/2017;0.0193;-0.0003
14/11/2017;0.0193;-0.0145
15/11/2017;0.0188;-0.0041
16/11/2017;0.0187;-0.0070
17/11/2017;0.0184;-0.0159
18/11/2017;0.0182;-0.0120
19/11/2017;0.0187;0.0009
20/11/2017;0.0184;-0.0125
21/11/2017;0.0176;-0.0214
22/11/2017;0.0177;-0.0161
23/11/2017;0.0176;0.0017
24/11/2017;0.0170;-0.0109
25/11/2017;0.0172;-0.0070
26/11/2017;0.0174;0.0148
27/11/2017;0.0177;0.0048
28/11/2017;0.0173;0.0008
29/11/2017;0.0178;0.0075
30/11/2017;0.0174;0.0002
01/12/2017;0.0174;0.0004
02/12/2017;0.0174;0.0074
03/12/2017;0.0162;-0.0040
04/12/2017;0.0156;0.0134
05/12/2017;0.0145;-0.0137
06/12/2017;0.0152;-0.0008
07/12/2017;0.0157;0.0005
08/12/2017;0.0166;0.0219
09/12/2017;0.0164;0.0025
10/12/2017;0.0164;0.0037
11/12/2017;0.0159;-0.0163
12/12/2017;0.0166;0.0063
13/12/2017;0.0159;-0.0076
14/12/2017;0.0164;-0.0054
15/12/2017;0.0158;0.0065
16/12/2017;0.0157;0.0160
17/12/2017;0.0162;0.0169
18/12/2017;0.0166;0.0032
19/12/2017;0.0162;-0.0262
20/12/2017;0.0167;0.0015
21/12/2017;0.0160;-0.0052
22/12/2017;0.0163;-0.0048
23/12/2017;0.0162;-0.0029
24/12/2017;0.0158;-0.0075
25/12/2017;0.0164;0.0266
26/12/2017;0.0159;0.0109
27/12/2017;0.0163;0.0098
28/12/2017;0.0163;-0.0006
29/12/2017;0.0160;-0.0034
30/12/2017;0.0155;-0.0151
31/12/2017;0.0151;-0.0087
01/01/2018;0.0150;-0.0171
02/01/2018;0.0152;0.0061
03/01/2018;0.0147;-0.0078
04/01/2018;0.0149;0.0147
05/01/2018;0.0147;-0.0030
06/01/2018;0.0151;-0.0055
07/01/2018;0.0149;0.0026
08/01/2018;0.0151;0.0024
09/01/2018;0.0146;-0.0142
10/01/2018;0.0143;-0.0155
11/01/2018;0.0139;-0.0161
12/01/2018;0.0140;-0.0043
13/01/2018;0.0144;0.0150
14/01/2018;0.0155;0.0162
15/01/2018;0.0150;0.0078
16/01/2018;0.0147;-0.0129
17/01/2018;0.0152;-0.0201
18/01/2018;0.0148;-0.0093
19/01/2018;0.0156;0.0091
20/01/2018;0.0157;0.0030
21/01/2018;0.0163;0.0022
22/01/2018;0.0165;0.0029
23/01/2018;0.0169;-0.0042
24/01/2018;0.0166;0.0007
25/01/2018;0.0166;-0.0107
26/01/2018;0.0174;-0.0099
27/01/2018;0.0182;-0.0055
28/01/2018;0.0183;0.0168
29/01/2018;0.0181;0.0065
30/01/2018;0.0181;-0.0052
31/01/2018;0.0180;0.0052
01/02/2018;0.0169;-0.0019
02/02/2018;0.0168;0.0067
03/02/2018;0.0169;0.0020
04/02/2018;0.0165;-0.0051
05/02/2018;0.0163;0.0077
06/02/2018;0.0165;-0.0058
07/02/2018;0.0162;-0.0016
08/02/2018;0.0155;0.0138
09/02/2018;0.0155;-0.0009
10/02/2018;0.0157;-0.0129
11/02/2018;0.0160;0.0021
12/02/2018;0.0168;0.0208
13/02/2018;0.0167;0.0242
14/02/2018;0.0165;-0.0050
15/02/2018;0.0170;0.0031
16/02/2018;0.0176;0.0214
17/02/2018;0.0172;0.0236
18/02/2018;0.0187;0.0225
19/02/2018;0.0184;-0.0073
20/02/2018;0.0181;-0.0051
21/02/2018;0.0177;0.0052
22/02/2018;0.0176;-0.0124
23/02/2018;0.0175;-0.0097
24/02/2018;0.0171;-0.0037
25/02/2018;0.0167;-0.0128
26/02/2018;0.0161;0.0022
27/02/2018;0.0165;0.0126
28/02/2018;0.0163;-0.0005
01/03/2018;0.0162;0.0042
02/03/2018;0.0162;-0.0023
03/03/2018;0.0161;-0.0001
04/03/2018;0.0167;0.0100
05/03/2018;0.0174;-0.0070
06/03/2018;0.0174;-0.0024
07/03/2018;0.0171;-0.0112
08/03/2018;0.0167;0.0017
09/03/2018;0.0167;0.0035
10/03/2018;0.0166;-0.0147
11/03/2018;0.0166;0.0031
12/03/2018;0.0172;0.0070
13/03/2018;0.0182;0.0088
14/03/2018;0.0183;-0.0095
15/03/2018;0.0176;0.0028
16/03/2018;0.0181;0.0053
17/03/2018;0.0176;-0.0225
18/03/2018;0.0179;-0.0003
19/03/2018;0.0182;0.0151
20/03/2018;0.0175;-0.0009
21/03/2018;0.0172;-0.0001
22/03/2018;0.0172;0.0007
23/03/2018;0.0169;0.0087
24/03/2018;0.0172;0.0094
25/03/2018;0.0171;-0.0041
26/03/2018;0.0168;-0.0067
27/03/2018;0.0175;-0.0159
28/03/2018;0.0165;-0.0042
29/03/2018;0.0161;0.0120
30/03/2018;0.0161;0.0036
31/03/2018;0.0161;0.0029
01/04/2018;0.0159;-0.0060
02/04/2018;0.0159;-0.0277
03/04/2018;0.0159;-0.0119
04/04/2018;0.0158;0.0082
05/04/2018;0.0161;0.0176
06/04/2018;0.0167;-0.0050
07/04/2018;0.0168;0.0092
08/04/2018;0.0168;0.0012
09/04/2018;0.0169;0.0139
10/04/2018;0.0166;-0.0012
11/04/2018;0.0164;-0.0113
12/04/2018;0.0163;0.0020
13/04/2018;0.0161;0.0152
14/04/2018;0.0162;-0.0096
15/04/2018;0.0162;-0.0095
16/04/2018;0.0160;-0.0004
17/04/2018;0.0159;0.0073
18/04/2018;0.0159;0.0136
19/04/2018;0.0162;0.0017
20/04/2018;0.0162;0.0055
21/04/2018;0.0165;0.0125
22/04/2018;0.0170;0.0061
23/04/2018;0.0173;-0.0057
24/04/2018;0.0170;0.0053
25/04/2018;0.0177;0.0060
26/04/2018;0.0182;0.0081
27/04/2018;0.0180;0.0005
28/04/2018;0.0180;0.0035
29/04/2018;0.0176;-0.0076
30/04/2018;0.0177;0.0076
01/05/2018;0.0175;-0.0058
02/05/2018;0.0174;0.0067
03/05/2018;0.0170;-0.0028
04/05/2018;0.0176;0.0058
05/05/2018;0.0184;0.0191
06/05/2018;0.0191;-0.0097
07/05/2018;0.0190;0.0083
08/05/2018;0.0190;-0.0042
09/05/2018;0.0187;-0.0053
10/05/2018;0.0186;0.0046
11/05/2018;0.0190;0.0161
12/05/2018;0.0187;-0.0064
13/05/2018;0.0184;0.0131
14/05/2018;0.0184;-0.0020
15/05/2018;0.0182;0.0086
16/05/2018;0.0188;0.0066
17/05/2018;0.0184;0.0008
18/05/2018;0.0184;0.0012
19/05/2018;0.0182;-0.0112
20/05/2018;0.0185;-0.0233
21/05/2018;0.0195;-0.0014
22/05/2018;0.0196;-0.0245
23/05/2018;0.0200;0.0052
24/05/2018;0.0199;-0.0056
25/05/2018;0.0198;-0.0015
26/05/2018;0.0201;0.0092
27/05/2018;0.0195;-0.0308
28/05/2018;0.0200;-0.0271
29/05/2018;0.0196;0.0148
30/05/2018;0.0196;0.0049
31/05/2018;0.0195;-0.0014
01/06/2018;0.0196;-0.0161
02/06/2018;0.0198;0.0054
03/06/2018;0.0203;0.0003
04/06/2018;0.0200;0.0009
05/06/2018;0.0200;-0.0098
06/06/2018;0.0203;-0.0091
07/06/2018;0.0201;-0.0185
08/06/2018;0.0198;-0.0089
09/06/2018;0.0196;0.0068
10/06/2018;0.0186;-0.0035
11/06/2018;0.0188;0.0135
12/06/2018;0.0190;0.0023
13/06/2018;0.0188;0.0003
14/06/2018;0.0184;0.0013
15/06/2018;0.0188;-0.0037
16/06/2018;0.0190;0.0131
17/06/2018;0.0194;0.0158
18/06/2018;0.0200;-0.0032
19/06/2018;0.0204;-0.0015
20/06/2018;0.0206;-0.0028
21/06/2018;0.0202;0.0044
22/06/2018;0.0202;-0.0095
23/06/2018;0.0203;0.0026
24/06/2018;0.0199;0.0002
25/06/2018;0.0195;-0.0047
26/06/2018;0.0190;-0.0023
27/06/2018;0.0196;0.0078
28/06/2018;0.0191;0.0035
29/06/2018;0.0193;-0.0013
30/06/2018;0.0192;-0.0040
01/07/2018;0.0191;0.0076
02/07/2018;0.0185;0.0069
03/07/2018;0.0185;0.0204
04/07/2018;0.0183;-0.0087
05/07/2018;0.0186;-0.0134
06/07/2018;0.0181;-0.0233
07/07/2018;0.0176;0.0007
08/07/2018;0.0171;-0.0022
09/07/2018;0.0175;-0.0033
10/07/2018;0.0175;0.0067
11/07/2018;0.0180;-0.0034
12/07/2018;0.0179;-0.0062
13/07/2018;0.0172;-0.0245
14/07/2018;0.0168;-0.0495
15/07/2018;0.0172;0.0040
16/07/2018;0.0170;-0.0420
17/07/2018;0.0168;-0.0010
18/07/2018;0.0170;0.0110
19/07/2018;0.0169;0.0075
20/07/2018;0.0171;-0.0116
21/07/2018;0.0170;0.0261
22/07/2018;0.0171;0.0129
23/07/2018;0.0166;-0.0165
24/07/2018;0.0167;0.0066
25/07/2018;0.0167;-0.0074
26/07/2018;0.0163;0.0009
27/07/2018;0.0163;-0.0113
28/07/2018;0.0174;0.0049
29/07/2018;0.0176;-0.0029
30/07/2018;0.0178;0.0162
31/07/2018;0.0177;0.0086
01/08/2018;0.0181;-0.0220
02/08/2018;0.0190;0.0035
03/08/2018;0.0192;-0.0125
04/08/2018;0.0197;-0.0078
05/08/2018;0.0193;-0.0177
06/08/2018;0.0188;-0.0130
07/08/2018;0.0195;0.0190
08/08/2018;0.0196;0.0033
09/08/2018;0.0193;-0.0081
10/08/2018;0.0204;0.0049
11/08/2018;0.0202;-0.0113
12/08/2018;0.0201;-0.0104
13/08/2018;0.0217;0.0006
14/08/2018;0.0212;-0.0047
15/08/2018;0.0211;0.0119
16/08/2018;0.0213;-0.0394
17/08/2018;0.0212;0.0097
18/08/2018;0.0215;0.0075
19/08/2018;0.0209;-0.0173
20/08/2018;0.0208;0.0025
21/08/2018;0.0217;-0.0045
22/08/2018;0.0221;-0.0027
23/08/2018;0.0218;-0.0256
24/08/2018;0.0223;-0.0139
25/08/2018;0.0215;0.0063
26/08/2018;0.0213;-0.0090
27/08/2018;0.0218;0.0145
28/08/2018;0.0219;-0.0070
29/08/2018;0.0235;-0.0189
30/08/2018;0.0241;-0.0385
31/08/2018;0.0253;-0.0061
01/09/2018;0.0254;-0.0276
02/09/2018;0.0261;-0.0014
03/09/2018;0.0254;-0.0064
04/09/2018;0.0247;0.0168
05/09/2018;0.0249;0.0129
06/09/2018;0.0248;0.0057
07/09/2018;0.0247;-0.0146
08/09/2018;0.0250;-0.0113
09/09/2018;0.0274;0.0008
10/09/2018;0.0264;-0.0328
11/09/2018;0.0263;-0.0111
12/09/2018;0.0262;-0.0220
13/09/2018;0.0257;0.0383
14/09/2018;0.0258;-0.0067
15/09/2018;0.0254;0.0068
16/09/2018;0.0253;0.0097
17/09/2018;0.0249;-0.0186
18/09/2018;0.0253;-0.0029
19/09/2018;0.0248;-0.0145
20/09/2018;0.0248;0.0336
21/09/2018;0.0250;0.0234
22/09/2018;0.0259;-0.0279
23/09/2018;0.0257;-0.0062
24/09/2018;0.0256;0.0145
25/09/2018;0.0260;-0.0019
26/09/2018;0.0261;-0.0113
27/09/2018;0.0258;-0.0131
28/09/2018;0.0271;-0.0013
29/09/2018;0.0260;-0.0014
30/09/2018;0.0263;-0.0021
01/10/2018;0.0264;-0.0141
02/10/2018;0.0260;-0.0063
03/10/2018;0.0259;0.0400
04/10/2018;0.0258;0.0222
05/10/2018;0.0262;0.0418
06/10/2018;0.0272;-0.0155
07/10/2018;0.0271;0.0171
08/10/2018;0.0277;0.0022
09/10/2018;0.0283;-0.0185
10/10/2018;0.0288;-0.0183
11/10/2018;0.0281;0.0119
12/10/2018;0.0289;-0.0260
13/10/2018;0.0288;0.0168
14/10/2018;0.0281;0.0126
15/10/2018;0.0279;-0.0119
16/10/2018;0.0271;-0.0312
17/10/2018;0.0277;-0.0112
18/10/2018;0.0276;-0.0013
19/10/2018;0.0278;0.0004
20/10/2018;0.0286;0.0030
21/10/2018;0.0290;0.0082
22/10/2018;0.0299;0.0045
23/10/2018;0.0293;0.0051
24/10/2018;0.0291;0.0108
25/10/2018;0.0296;0.0076
26/10/2018;0.0291;-0.0027
27/10/2018;0.0291;-0.0225
28/10/2018;0.0288;-0.0096
29/10/2018;0.0286;0.0117
30/10/2018;0.0285;0.0015
31/10/2018;0.0269;0.0534
01/11/2018;0.0275;-0.0049
02/11/2018;0.0273;-0.0199
03/11/2018;0.0270;-0.0048
04/11/2018;0.0266;-0.0048
05/11/2018;0.0263;0.0041
06/11/2018;0.0265;-0.0140
07/11/2018;0.0262;-0.0042
08/11/2018;0.0261;-0.0050
09/11/2018;0.0265;0.0007
10/11/2018;0.0262;-0.0006
11/11/2018;0.0260;0.0045
12/11/2018;0.0264;0.0055
13/11/2018;0.0263;0.0002
14/11/2018;0.0263;0.0043
15/11/2018;0.0266;0.0109
16/11/2018;0.0268;0.0146
17/11/2018;0.0269;0.0047
18/11/2018;0.0269;0.0044
19/11/2018;0.0273;0.0007
20/11/2018;0.0266;-0.0005
21/11/2018;0.0259;0.0310
22/11/2018;0.0258;-0.0002
23/11/2018;0.0260;0.0029
24/11/2018;0.0251;0.0184
25/11/2018;0.0250;-0.0127
26/11/2018;0.0252;0.0117
27/11/2018;0.0251;-0.0079
28/11/2018;0.0252;0.0154
29/11/2018;0.0250;-0.0118
30/11/2018;0.0254;-0.0075
01/12/2018;0.0255;-0.0143
02/12/2018;0.0262;-0.0031
03/12/2018;0.0260;-0.0028
04/12/2018;0.0267;-0.0023
05/12/2018;0.0264;0.0069
06/12/2018;0.0260;-0.0111
07/12/2018;0.0275;-0.0216
08/12/2018;0.0275;0.0045
09/12/2018;0.0277;-0.0120
10/12/2018;0.0270;-0.0051
11/12/2018;0.0269;0.0041
12/12/2018;0.0270;-0.0006
13/12/2018;0.0267;-0.0152
14/12/2018;0.0271;-0.0229
15/12/2018;0.0280;-0.0091
16/12/2018;0.0278;-0.0113
17/12/2018;0.0274;-0.0009
18/12/2018;0.0273;-0.0023
19/12/2018;0.0271;-0.0071
20/12/2018;0.0274;0.0112
21/12/2018;0.0274;0.0000
22/12/2018;0.0274;0.0036
23/12/2018;0.0280;-0.0101
24/12/2018;0.0278;-0.0159
25/12/2018;0.0283;0.0071
26/12/2018;0.0287;0.0011
27/12/2018;0.0286;0.0044
28/12/2018;0.0284;0.0221
29/12/2018;0.0280;0.0086
30/12/2018;0.0285;-0.0164
31/12/2018;0.0288;-0.0107
01/01/2019;0.0286;0.0029
02/01/2019;0.0288;0.0156
03/01/2019;0.0284;0.0033
04/01/2019;0.0289;0.0192
05/01/2019;0.0293;-0.0062
06/01/2019;0.0289;0.0005
07/01/2019;0.0293;-0.0043
08/01/2019;0.0298;0.0052
09/01/2019;0.0299;0.0005
10/01/2019;0.0300;0.0035
11/01/2019;0.0297;0.0071
12/01/2019;0.0303;0.0129
13/01/2019;0.0299;0.0014
14/01/2019;0.0299;-0.0104
15/01/2019;0.0296;-0.0096
16/01/2019;0.0294;0.0042
17/01/2019;0.0299;-0.0049
18/01/2019;0.0297;-0.0158
19/01/2019;0.0286;0.0199
20/01/2019;0.0283;0.0070
21/01/2019;0.0287;0.0054
22/01/2019;0.0289;0.0041
23/01/2019;0.0284;0.0043
24/01/2019;0.0282;0.0125
25/01/2019;0.0283;0.0061
26/01/2019;0.0287;0.0273
27/01/2019;0.0278;0.0042
28/01/2019;0.0272;-0.0282
29/01/2019;0.0275;-0.0153
30/01/2019;0.0275;-0.0020
31/01/2019;0.0268;-0.0085
01/02/2019;0.0269;0.0038
02/02/2019;0.0264;-0.0025
03/02/2019;0.0258;-0.0319
04/02/2019;0.0263;0.0024
05/02/2019;0.0267;-0.0078
06/02/2019;0.0270;0.0011
07/02/2019;0.0268;0.0142
08/02/2019;0.0267;0.0245
09/02/2019;0.0273;0.0429
10/02/2019;0.0276;-0.0113
11/02/2019;0.0273;0.0046
12/02/2019;0.0274;0.0201
13/02/2019;0.0271;-0.0183
14/02/2019;0.0274;-0.0182
15/02/2019;0.0275;0.0022
16/02/2019;0.0273;0.0089
17/02/2019;0.0274;0.0083
18/02/2019;0.0270;-0.0129
19/02/2019;0.0267;-0.0098
20/02/2019;0.0264;-0.0022
21/02/2019;0.0265;0.0035
22/02/2019;0.0260;0.0008
23/02/2019;0.0270;0.0003
24/02/2019;0.0270;0.0074
25/02/2019;0.0274;0.0145
26/02/2019;0.0279;-0.0365
27/02/2019;0.0278;-0.0133
28/02/2019;0.0277;-0.0128
01/03/2019;0.0273;0.0046
02/03/2019;0.0264;-0.0020
03/03/2019;0.0265;0.0119
04/03/2019;0.0269;-0.0026
05/03/2019;0.0267;-0.0006
06/03/2019;0.0277;-0.0193
07/03/2019;0.0277;0.0059
08/03/2019;0.0274;-0.0022
09/03/2019;0.0273;-0.0060
10/03/2019;0.0275;0.0176
11/03/2019;0.0269;-0.0080
12/03/2019;0.0268;0.0231
13/03/2019;0.0272;0.0255
14/03/2019;0.0272;0.0103
15/03/2019;0.0275;0.0054
16/03/2019;0.0280;0.0064
17/03/2019;0.0280;0.0013
18/03/2019;0.0272;0.0125
19/03/2019;0.0270;0.0015
20/03/2019;0.0268;0.0075
21/03/2019;0.0269;0.0057
22/03/2019;0.0265;-0.0067
23/03/2019;0.0262;-0.0134
24/03/2019;0.0265;0.0115
25/03/2019;0.0263;-0.0196
26/03/2019;0.0263;0.0111
27/03/2019;0.0272;-0.0006
28/03/2019;0.0272;-0.0072
29/03/2019;0.0271;0.0048
30/03/2019;0.0270;0.0141
31/03/2019;0.0268;0.0006
01/04/2019;0.0266;-0.0043
02/04/2019;0.0270;0.0048
03/04/2019;0.0269;0.0061
04/04/2019;0.0265;0.0183
05/04/2019;0.0261;-0.0170
06/04/2019;0.0258;-0.0016
07/04/2019;0.0261;-0.0058
08/04/2019;0.0259;-0.0039
09/04/2019;0.0259;-0.0010
10/04/2019;0.0262;-0.0058
11/04/2019;0.0262;0.0291
12/04/2019;0.0266;0.0214
13/04/2019;0.0261;-0.0137
14/04/2019;0.0254;0.0110
15/04/2019;0.0249;-0.0115
16/04/2019;0.0252;0.0015
17/04/2019;0.0254;-0.0007
18/04/2019;0.0251;-0.0092
19/04/2019;0.0253;0.0089
20/04/2019;0.0255;0.0046
21/04/2019;0.0253;0.0009
22/04/2019;0.0251;-0.0129
23/04/2019;0.0244;0.0001
24/04/2019;0.0246;-0.0033
25/04/2019;0.0248;0.0067
26/04/2019;0.0253;0.0042
27/04/2019;0.0260;-0.0048
28/04/2019;0.0260;-0.0085
29/04/2019;0.0258;0.0022
30/04/2019;0.0259;-0.0062
01/05/2019;0.0260;0.0042
02/05/2019;0.0264;0.0024
03/05/2019;0.0264;-0.0061
04/05/2019;0.0260;-0.0008
05/05/2019;0.0260;-0.0021
06/05/2019;0.0260;0.0004
07/05/2019;0.0265;-0.0082
08/05/2019;0.0258;0.0169
09/05/2019;0.0262;0.0048
10/05/2019;0.0261;0.0021
11/05/2019;0.0263;0.0148
12/05/2019;0.0258;-0.0191
13/05/2019;0.0256;0.0025
14/05/2019;0.0253;0.0096
15/05/2019;0.0253;0.0001
16/05/2019;0.0253;0.0067
17/05/2019;0.0256;0.0081
18/05/2019;0.0263;0.0091
19/05/2019;0.0264;0.0090
20/05/2019;0.0261;0.0055
21/05/2019;0.0256;0.0005
22/05/2019;0.0255;-0.0061
23/05/2019;0.0254;-0.0211
24/05/2019;0.0252;-0.0035
25/05/2019;0.0255;0.0013
26/05/2019;0.0255;-0.0159
27/05/2019;0.0253;0.0034
28/05/2019;0.0245;0.0016
29/05/2019;0.0248;0.0039
30/05/2019;0.0247;0.0006
31/05/2019;0.0246;0.0000
01/06/2019;0.0247;0.0114
02/06/2019;0.0250;-0.0014
03/06/2019;0.0247;0.0062
04/06/2019;0.0249;-0.0055
05/06/2019;0.0246;-0.0030
06/06/2019;0.0256;-0.0058
07/06/2019;0.0256;-0.0049
08/06/2019;0.0249;0.0035
09/06/2019;0.0248;0.0121
10/06/2019;0.0248;-0.0040
11/06/2019;0.0247;-0.0069
12/06/2019;0.0241;-0.0041
13/06/2019;0.0242;0.0161
14/06/2019;0.0243;0.0136
15/06/2019;0.0245;0.0089
16/06/2019;0.0242;-0.0044
17/06/2019;0.0240;-0.0071
18/06/2019;0.0234;-0.0029
19/06/2019;0.0239;0.0142
20/06/2019;0.0240;-0.0146
21/06/2019;0.0243;0.0090
22/06/2019;0.0241;-0.0016
23/06/2019;0.0240;0.0061
24/06/2019;0.0238;-0.0015
25/06/2019;0.0240;-0.0023
26/06/2019;0.0236;0.0071
27/06/2019;0.0234;0.0036
28/06/2019;0.0234;0.0111
29/06/2019;0.0242;-0.0024
30/06/2019;0.0240;0.0086
01/07/2019;0.0245;-0.0157
02/07/2019;0.0246;0.0085
03/07/2019;0.0247;-0.0152
04/07/2019;0.0250;-0.0076
05/07/2019;0.0254;-0.0093
06/07/2019;0.0255;0.0033
07/07/2019;0.0261;-0.0034
08/07/2019;0.0259;0.0085
09/07/2019;0.0259;0.0084
10/07/2019;0.0262;-0.0096
11/07/2019;0.0261;0.0038
12/07/2019;0.0257;-0.0050
13/07/2019;0.0256;-0.0337
14/07/2019;0.0253;-0.0032
15/07/2019;0.0256;0.0168
16/07/2019;0.0250;-0.0145
17/07/2019;0.0253;0.0062
18/07/2019;0.0248;-0.0118
19/07/2019;0.0249;0.0008
20/07/2019;0.0239;-0.0078
21/07/2019;0.0243;-0.0105
22/07/2019;0.0243;-0.0005
23/07/2019;0.0242;0.0060
24/07/2019;0.0234;-0.0166
25/07/2019;0.0232;0.0306
26/07/2019;0.0231;-0.0157
27/07/2019;0.0228;-0.0123
28/07/2019;0.0228;0.0010
29/07/2019;0.0220;0.0039
30/07/2019;0.0214;-0.0053
31/07/2019;0.0216;0.0039
01/08/2019;0.0219;0.0018
02/08/2019;0.0219;0.0039
03/08/2019;0.0222;0.0158
04/08/2019;0.0222;-0.0104
05/08/2019;0.0227;-0.0125
06/08/2019;0.0227;0.0051
07/08/2019;0.0226;-0.0085
08/08/2019;0.0230;0.0110
09/08/2019;0.0232;-0.0011
10/08/2019;0.0231;0.0061
11/08/2019;0.0234;0.0074
12/08/2019;0.0234;0.0108
13/08/2019;0.0233;-0.0026
14/08/2019;0.0234;-0.0072
15/08/2019;0.0239;0.0062
16/08/2019;0.0230;0.0171
17/08/2019;0.0236;-0.0197
18/08/2019;0.0236;0.0112
19/08/2019;0.0237;-0.0007
20/08/2019;0.0234;-0.0138
21/08/2019;0.0232;0.0091
22/08/2019;0.0234;0.0051
23/08/2019;0.0232;0.0054
24/08/2019;0.0236;-0.0153
25/08/2019;0.0234;0.0090
26/08/2019;0.0231;0.0419
27/08/2019;0.0231;-0.0013
28/08/2019;0.0226;-0.0010
29/08/2019;0.0224;0.0073
30/08/2019;0.0216;-0.0322
31/08/2019;0.0224;0.0090
01/09/2019;0.0229;0.0047
02/09/2019;0.0228;0.0133
03/09/2019;0.0223;-0.0059
04/09/2019;0.0231;-0.0004
05/09/2019;0.0226;-0.0070
06/09/2019;0.0221;0.0090
07/09/2019;0.0216;-0.0318
08/09/2019;0.0216;-0.0197
09/09/2019;0.0208;-0.0343
10/09/2019;0.0212;-0.0169
11/09/2019;0.0206;-0.0156
12/09/2019;0.0214;0.0372
13/09/2019;0.0221;0.0297
14/09/2019;0.0216;-0.0126
15/09/2019;0.0216;-0.0083
16/09/2019;0.0226;0.0110
17/09/2019;0.0226;-0.0007
18/09/2019;0.0225;0.0116
19/09/2019;0.0220;0.0001
20/09/2019;0.0219;-0.0016
21/09/2019;0.0217;-0.0049
22/09/2019;0.0211;0.0003
23/09/2019;0.0203;-0.0243
24/09/2019;0.0194;0.0039
25/09/2019;0.0197;0.0062
26/09/2019;0.0202;0.0105
27/09/2019;0.0194;0.0022
28/09/2019;0.0191;-0.0135
29/09/2019;0.0190;-0.0150
30/09/2019;0.0186;-0.0385
01/10/2019;0.0171;0.0054
02/10/2019;0.0184;0.0115
03/10/2019;0.0179;0.0024
04/10/2019;0.0187;0.0094
05/10/2019;0.0186;0.0166
06/10/2019;0.0180;-0.0132
07/10/2019;0.0182;0.0187
08/10/2019;0.0182;-0.0033
09/10/2019;0.0172;-0.0283
10/10/2019;0.0175;-0.0049
11/10/2019;0.0164;0.0016
12/10/2019;0.0166;0.0134
13/10/2019;0.0179;0.0292
14/10/2019;0.0175;0.0015
15/10/2019;0.0182;0.0146
16/10/2019;0.0196;-0.0229
17/10/2019;0.0198;0.0184
18/10/2019;0.0200;-0.0226
19/10/2019;0.0202;-0.0038
20/10/2019;0.0198;0.0149
21/10/2019;0.0205;0.0076
22/10/2019;0.0214;0.0031
23/10/2019;0.0208;-0.0046
24/10/2019;0.0211;-0.0119
25/10/2019;0.0211;0.0013
26/10/2019;0.0206;-0.0024
27/10/2019;0.0198;-0.0052
28/10/2019;0.0197;0.0027
29/10/2019;0.0203;-0.0027
30/10/2019;0.0199;0.0003
31/10/2019;0.0208;0.0022
01/11/2019;0.0212;0.0047
02/11/2019;0.0212;0.0032
03/11/2019;0.0212;-0.0001
04/11/2019;0.0224;-0.0335
05/11/2019;0.0219;-0.0067
06/11/2019;0.0213;-0.0193
07/11/2019;0.0211;0.0103
08/11/2019;0.0212;0.0063
09/11/2019;0.0211;-0.0128
10/11/2019;0.0207;-0.0068
11/11/2019;0.0205;-0.0007
12/11/2019;0.0192;0.0223
13/11/2019;0.0197;-0.0041
14/11/2019;0.0193;0.0045
15/11/2019;0.0191;0.0005
16/11/2019;0.0187;-0.0025
17/11/2019;0.0193;-0.0077
18/11/2019;0.0199;-0.0185
19/11/2019;0.0196;0.0004
20/11/2019;0.0195;0.0244
21/11/2019;0.0192;-0.0074
22/11/2019;0.0186;0.0271
23/11/2019;0.0191;0.0186
24/11/2019;0.0190;0.0040
25/11/2019;0.0188;-0.0078
26/11/2019;0.0190;0.0036
27/11/2019;0.0196;0.0026
28/11/2019;0.0195;-0.0005
29/11/2019;0.0193;-0.0088
30/11/2019;0.0190;0.0072
01/12/2019;0.0189;0.0128
02/12/2019;0.0189;-0.0006
03/12/2019;0.0187;-0.0107
04/12/2019;0.0189;-0.0019
05/12/2019;0.0191;0.0012
06/12/2019;0.0198;0.0037
07/12/2019;0.0196;0.0084
08/12/2019;0.0191;0.0097
09/12/2019;0.0192;0.0086
10/12/2019;0.0200;0.0093
11/12/2019;0.0204;-0.0007
12/12/2019;0.0203;0.0061
13/12/2019;0.0211;0.0109
14/12/2019;0.0214;0.0056
15/12/2019;0.0219;-0.0001
16/12/2019;0.0224;-0.0087
17/12/2019;0.0218;-0.0094
18/12/2019;0.0215;-0.0047
19/12/2019;0.0228;0.0095
20/12/2019;0.0225;-0.0035
21/12/2019;0.0229;0.0072
22/12/2019;0.0223;0.0050
23/12/2019;0.0214;-0.0068
24/12/2019;0.0223;-0.0232
25/12/2019;0.0229;-0.0106
26/12/2019;0.0225;0.0018
27/12/2019;0.0219;-0.0088
28/12/2019;0.0221;0.0037
29/12/2019;0.0214;-0.0212
30/12/2019;0.0213;-0.0101
31/12/2019;0.0214;0.0042
01/01/2020;0.0212;-0.0099
02/01/2020;0.0218;-0.0005
03/01/2020;0.0226;0.0202
04/01/2020;0.0236;-0.0087
05/01/2020;0.0231;-0.0131
06/01/2020;0.0241;-0.0052
07/01/2020;0.0238;0.0004
08/01/2020;0.0244;-0.0054
09/01/2020;0.0248;0.0028
10/01/2020;0.0238;-0.0049
11/01/2020;0.0239;0.0038
12/01/2020;0.0236;-0.0126
13/01/2020;0.0231;0.0033
14/01/2020;0.0232;-0.0001
15/01/2020;0.0233;0.0140
16/01/2020;0.0226;-0.0151
17/01/2020;0.0237;0.0076
18/01/2020;0.0241;0.0061
19/01/2020;0.0237;0.0142
20/01/2020;0.0241;-0.0078
21/01/2020;0.0247;0.0086
22/01/2020;0.0232;-0.0199
23/01/2020;0.0235;-0.0125
24/01/2020;0.0242;-0.0014
25/01/2020;0.0238;0.0018
26/01/2020;0.0229;-0.0111
27/01/2020;0.0226;-0.0087
28/01/2020;0.0219;-0.0159
29/01/2020;0.0232;0.0030
30/01/2020;0.0240;0.0111
31/01/2020;0.0245;0.0188
01/02/2020;0.0240;-0.0084
02/02/2020;0.0235;-0.0115
03/02/2020;0.0235;-0.0012
04/02/2020;0.0235;-0.0163
05/02/2020;0.0237;-0.0221
06/02/2020;0.0233;0.0083
07/02/2020;0.0232;-0.0120
08/02/2020;0.0227;-0.0179
09/02/2020;0.0226;-0.0069
10/02/2020;0.0222;-0.0209
11/02/2020;0.0225;0.0178
12/02/2020;0.0229;0.0062
13/02/2020;0.0226;-0.0042
14/02/2020;0.0218;0.0044
15/02/2020;0.0215;-0.0161
16/02/2020;0.0222;0.0087
17/02/2020;0.0227;-0.0061
18/02/2020;0.0222;0.0070
19/02/2020;0.0216;-0.0164
20/02/2020;0.0223;0.0262
21/02/2020;0.0214;-0.0288
22/02/2020;0.0215;-0.0063
23/02/2020;0.0219;-0.0118
24/02/2020;0.0220;-0.0371
25/02/2020;0.0217;-0.0038
26/02/2020;0.0219;-0.0088
27/02/2020;0.0213;0.0000
28/02/2020;0.0207;-0.0092
29/02/2020;0.0204;-0.0277
01/03/2020;0.0200;-0.0503
02/03/2020;0.0207;-0.0204
03/03/2020;0.0218;0.0037
04/03/2020;0.0218;0.0729
05/03/2020;0.0218;0.0139
06/03/2020;0.0222;-0.0220
07/03/2020;0.0215;-0.0352
08/03/2020;0.0218;0.0176
09/03/2020;0.0216;0.0121
10/03/2020;0.0212;-0.0152
11/03/2020;0.0218;0.0263
12/03/2020;0.0220;-0.0153
13/03/2020;0.0222;0.0145
14/03/2020;0.0219;0.0162
15/03/2020;0.0218;-0.0059
16/03/2020;0.0229;-0.0095
17/03/2020;0.0229;0.0164
18/03/2020;0.0219;-0.0037
19/03/2020;0.0213;-0.0140
20/03/2020;0.0220;-0.0047
21/03/2020;0.0213;-0.0260
22/03/2020;0.0215;-0.0115
23/03/2020;0.0213;0.0082
24/03/2020;0.0216;-0.0186
25/03/2020;0.0209;-0.0197
26/03/2020;0.0205;0.0213
27/03/2020;0.0204;0.0227
28/03/2020;0.0204;0.0046
29/03/2020;0.0199;0.0139
30/03/2020;0.0206;0.0475
31/03/2020;0.0203;0.0095
01/04/2020;0.0207;0.0147
02/04/2020;0.0210;0.0005
03/04/2020;0.0209;0.0311
04/04/2020;0.0209;-0.0206
05/04/2020;0.0204;-0.0027
06/04/2020;0.0197;0.0077
07/04/2020;0.0202;-0.0003
08/04/2020;0.0203;-0.0131
09/04/2020;0.0202;-0.0089
10/04/2020;0.0207;0.0081
11/04/2020;0.0202;-0.0256
12/04/2020;0.0203;0.0222
13/04/2020;0.0209;0.0077
14/04/2020;0.0206;-0.0054
15/04/2020;0.0204;-0.0122
16/04/2020;0.0210;-0.0007
17/04/2020;0.0217;-0.0127
18/04/2020;0.0214;-0.0102
19/04/2020;0.0217;0.0078
20/04/2020;0.0221;0.0065
21/04/2020;0.0223;-0.0117
22/04/2020;0.0223;-0.0083
23/04/2020;0.0233;-0.0120
24/04/2020;0.0234;-0.0126
25/04/2020;0.0234;-0.0011
26/04/2020;0.0233;0.0098
27/04/2020;0.0231;-0.0285
28/04/2020;0.0227;-0.0115
29/04/2020;0.0227;0.0102
30/04/2020;0.0227;-0.0128
01/05/2020;0.0227;0.0166
02/05/2020;0.0225;-0.0010
03/05/2020;0.0226;0.0089
04/05/2020;0.0224;-0.0209
05/05/2020;0.0224;0.0127
06/05/2020;0.0223;-0.0232
07/05/2020;0.0222;-0.0178
08/05/2020;0.0221;-0.0017
09/05/2020;0.0214;0.0162
10/05/2020;0.0218;-0.0289
11/05/2020;0.0231;0.0004
12/05/2020;0.0227;0.0332
13/05/2020;0.0223;-0.0190
14/05/2020;0.0222;-0.0265
15/05/2020;0.0222;0.0060
16/05/2020;0.0223;-0.0151
17/05/2020;0.0213;-0.0190
18/05/2020;0.0222;-0.0091
19/05/2020;0.0227;0.0160
20/05/2020;0.0230;0.0155
21/05/2020;0.0222;-0.0075
22/05/2020;0.0220;-0.0396
23/05/2020;0.0219;-0.0039
24/05/2020;0.0224;0.0101
25/05/2020;0.0225;0.0400
26/05/2020;0.0224;0.0091
27/05/2020;0.0223;-0.0168
28/05/2020;0.0231;0.0086
29/05/2020;0.0229;-0.0163
30/05/2020;0.0227;-0.0027
31/05/2020;0.0224;-0.0196
01/06/2020;0.0224;0.0043
02/06/2020;0.0217;-0.0196
03/06/2020;0.0215;-0.0327
04/06/2020;0.0212;-0.0104
05/06/2020;0.0218;-0.0193
06/06/2020;0.0210;0.0104
07/06/2020;0.0209;-0.0151
08/06/2020;0.0209;0.0059
09/06/2020;0.0203;-0.0238
10/06/2020;0.0206;-0.0131
11/06/2020;0.0198;0.0117
12/06/2020;0.0203;0.0001
13/06/2020;0.0205;0.0364
14/06/2020;0.0200;-0.0056
15/06/2020;0.0199;0.0380
16/06/2020;0.0200;0.0130
17/06/2020;0.0198;0.0211
18/06/2020;0.0192;0.0344
19/06/2020;0.0195;-0.0048
20/06/2020;0.0184;-0.0424
21/06/2020;0.0189;0.0293
22/06/2020;0.0184;0.0351
23/06/2020;0.0184;-0.0073
24/06/2020;0.0175;-0.0170
25/06/2020;0.0173;-0.0095
26/06/2020;0.0167;0.0345
27/06/2020;0.0166;0.0079
28/06/2020;0.0175;0.0553
29/06/2020;0.0177;-0.0132
30/06/2020;0.0182;0.0051
01/07/2020;0.0174;-0.0204
02/07/2020;0.0174;0.0024
03/07/2020;0.0175;0.0325
04/07/2020;0.0172;-0.0101
05/07/2020;0.0175;0.0125
06/07/2020;0.0172;0.0125
07/07/2020;0.0176;-0.0062
08/07/2020;0.0173;-0.0150
09/07/2020;0.0182;0.0213
10/07/2020;0.0184;0.0487
11/07/2020;0.0183;0.0157
12/07/2020;0.0187;0.0169
13/07/2020;0.0191;-0.0025
14/07/2020;0.0183;-0.0286
15/07/2020;0.0188;0.0225
16/07/2020;0.0193;0.0005
17/07/2020;0.0198;0.0079
18/07/2020;0.0196;-0.0042
19/07/2020;0.0197;-0.0165
20/07/2020;0.0191;0.0182
21/07/2020;0.0190;0.0404
22/07/2020;0.0187;0.0057
23/07/2020;0.0192;-0.0138
24/07/2020;0.0194;-0.0095
25/07/2020;0.0188;-0.0195
26/07/2020;0.0190;-0.0036
27/07/2020;0.0189;-0.0060
28/07/2020;0.0180;0.0320
29/07/2020;0.0182;0.0219
30/07/2020;0.0177;-0.0058
31/07/2020;0.0177;-0.0128
01/08/2020;0.0176;-0.0115
02/08/2020;0.0172;0.0006
03/08/2020;0.0175;-0.0107
04/08/2020;0.0169;-0.0239
05/08/2020;0.0172;0.0199
06/08/2020;0.0173;0.0708
07/08/2020;0.0178;0.0395
08/08/2020;0.0176;-0.0034
09/08/2020;0.0179;-0.0203
10/08/2020;0.0175;-0.0004
11/08/2020;0.0177;0.0064
12/08/2020;0.0179;0.0248
13/08/2020;0.0185;0.0017
14/08/2020;0.0186;0.0029
15/08/2020;0.0189;-0.0043
16/08/2020;0.0191;-0.0062
17/08/2020;0.0193;0.0245
18/08/2020;0.0185;0.0111
19/08/2020;0.0182;0.0013
20/08/2020;0.0183;0.0072
21/08/2020;0.0187;-0.0040
22/08/2020;0.0180;-0.0318
23/08/2020;0.0178;-0.0252
24/08/2020;0.0175;0.0040
25/08/2020;0.0178;0.0221
26/08/2020;0.0175;-0.0307
27/08/2020;0.0176;0.0267
28/08/2020;0.0174;0.0110
29/08/2020;0.0175;-0.0019
30/08/2020;0.0170;-0.0005
31/08/2020;0.0175;0.0152
01/09/2020;0.0177;0.0038
02/09/2020;0.0185;-0.0238
03/09/2020;0.0185;-0.0178
04/09/2020;0.0184;-0.0034
05/09/2020;0.0184;0.0037
06/09/2020;0.0186;-0.0033
07/09/2020;0.0187;0.0190
08/09/2020;0.0183;0.0061
09/09/2020;0.0185;-0.0195
10/09/2020;0.0185;0.0000
11/09/2020;0.0185;-0.0147
12/09/2020;0.0184;0.0128
13/09/2020;0.0180;0.0133
14/09/2020;0.0170;0.0433
15/09/2020;0.0174;0.0046
16/09/2020;0.0172;0.0023
17/09/2020;0.0170;0.0084
18/09/2020;0.0169;0.0076
19/09/2020;0.0164;-0.0379
20/09/2020;0.0161;-0.0137
21/09/2020;0.0161;-0.0130
22/09/2020;0.0157;0.0350
23/09/2020;0.0158;-0.0001
24/09/2020;0.0161;0.0051
25/09/2020;0.0169;0.0121
26/09/2020;0.0171;-0.0035
27/09/2020;0.0169;0.0007
28/09/2020;0.0175;0.0116
29/09/2020;0.0156;-0.0375
30/09/2020;0.0144;-0.0104
01/10/2020;0.0147;0.0300
02/10/2020;0.0152;0.0167
03/10/2020;0.0147;0.0170
04/10/2020;0.0144;0.0005
05/10/2020;0.0138;-0.0242
06/10/2020;0.0137;0.0083
07/10/2020;0.0139;-0.0074
08/10/2020;0.0136;0.0376
09/10/2020;0.0143;0.0080
10/10/2020;0.0151;-0.0140
11/10/2020;0.0147;0.0174
12/10/2020;0.0154;0.0016
13/10/2020;0.0155;-0.0133
14/10/2020;0.0158;0.0139
15/10/2020;0.0155;-0.0059
16/10/2020;0.0158;-0.0014
17/10/2020;0.0156;0.0079
18/10/2020;0.0157;0.0101
19/10/2020;0.0157;-0.0087
20/10/2020;0.0156;0.0112
21/10/2020;0.0150;0.0082
22/10/2020;0.0150;-0.0023
23/10/2020;0.0145;0.0067
24/10/2020;0.0152;-0.0004
25/10/2020;0.0156;-0.0010
26/10/2020;0.0154;0.0085
27/10/2020;0.0150;0.0029
28/10/2020;0.0159;-0.0049
29/10/2020;0.0159;-0.0015
30/10/2020;0.0155;-0.0072
31/10/2020;0.0151;0.0157
01/11/2020;0.0156;0.0044
02/11/2020;0.0151;-0.0103
03/11/2020;0.0156;0.0032
04/11/2020;0.0157;-0.0087
05/11/2020;0.0155;-0.0028
06/11/2020;0.0154;0.0099
07/11/2020;0.0158;0.0043
08/11/2020;0.0154;-0.0056
09/11/2020;0.0155;-0.0100
10/11/2020;0.0156;-0.0133
11/11/2020;0.0157;0.0019
12/11/2020;0.0163;-0.0134
13/11/2020;0.0156;0.0138
14/11/2020;0.0157;-0.0173
15/11/2020;0.0158;-0.0131
16/11/2020;0.0157;0.0283
17/11/2020;0.0160;0.0160
18/11/2020;0.0153;0.0195
19/11/2020;0.0154;-0.0032
20/11/2020;0.0160;-0.0045
21/11/2020;0.0167;-0.0447
22/11/2020;0.0166;0.0152
23/11/2020;0.0173;-0.0294
24/11/2020;0.0170;0.0074
25/11/2020;0.0169;0.0049
26/11/2020;0.0169;-0.0168
27/11/2020;0.0171;0.0087
28/11/2020;0.0169;0.0067
29/11/2020;0.0165;0.0240
30/11/2020;0.0162;0.0124
01/12/2020;0.0162;-0.0207
02/12/2020;0.0158;-0.0197
03/12/2020;0.0156;-0.0112
04/12/2020;0.0157;0.0143
05/12/2020;0.0156;-0.0109
06/12/2020;0.0159;0.0047
07/12/2020;0.0162;-0.0033
08/12/2020;0.0169;-0.0317
09/12/2020;0.0170;-0.0032
10/12/2020;0.0174;-0.0108
11/12/2020;0.0172;0.0042
12/12/2020;0.0172;0.0134
13/12/2020;0.0176;-0.0125
14/12/2020;0.0177;0.0064
15/12/2020;0.0174;-0.0066
16/12/2020;0.0180;-0.0010
17/12/2020;0.0177;0.0024
18/12/2020;0.0174;0.0263
19/12/2020;0.0174;0.0190
20/12/2020;0.0176;0.0027
21/12/2020;0.0173;-0.0072
22/12/2020;0.0176;-0.0049
23/12/2020;0.0176;0.0035
24/12/2020;0.0179;0.0011
25/12/2020;0.0185;-0.0126
26/12/2020;0.0185;-0.0059
27/12/2020;0.0183;0.0098
28/12/2020;0.0183;0.0039
29/12/2020;0.0180;-0.0234
30/12/2020;0.0181;-0.0015
31/12/2020;0.0178;0.0385
