date;sp_index
25/11/2011;
28/11/2011;0.0163
29/11/2011;0.0037
30/11/2011;0.0000
01/12/2011;0.0094
02/12/2011;0.0036
05/12/2011;-0.0004
06/12/2011;0.0035
07/12/2011;-0.0063
08/12/2011;0.0012
09/12/2011;
12/12/2011;-0.0036
13/12/2011;-0.0039
14/12/2011;0.0055
15/12/2011;-0.0185
16/12/2011;0.0018
19/12/2011;0.0024
20/12/2011;-0.0017
21/12/2011;0.0072
22/12/2011;0.0077
23/12/2011;0.0012
26/12/2011;-0.0040
27/12/2011;0.0019
28/12/2011;-0.0091
29/12/2011;-0.0054
30/12/2011;0.0008
02/01/2012;-0.0081
03/01/2012;0.0086
04/01/2012;-0.0015
05/01/2012;0.0025
06/01/2012;-0.0033
09/01/2012;0.0100
10/01/2012;0.0035
11/01/2012;0.0073
12/01/2012;-0.0017
13/01/2012;
16/01/2012;-0.0033
17/01/2012;0.0075
18/01/2012;-0.0038
19/01/2012;0.0013
20/01/2012;0.0036
23/01/2012;-0.0105
24/01/2012;0.0082
25/01/2012;-0.0016
26/01/2012;-0.0015
27/01/2012;-0.0070
30/01/2012;-0.0019
31/01/2012;0.0020
01/02/2012;-0.0049
02/02/2012;0.0073
03/02/2012;0.0020
06/02/2012;0.0103
07/02/2012;0.0043
08/02/2012;0.0018
09/02/2012;0.0015
10/02/2012;-0.0017
13/02/2012;-0.0060
14/02/2012;0.0060
15/02/2012;-0.0026
16/02/2012;0.0010
17/02/2012;-0.0010
20/02/2012;-0.0065
21/02/2012;0.0074
22/02/2012;-0.0020
23/02/2012;-0.0042
24/02/2012;0.0023
27/02/2012;0.0062
28/02/2012;0.0043
29/02/2012;-0.0019
01/03/2012;-0.0104
02/03/2012;0.0008
05/03/2012;-0.0078
06/03/2012;0.0012
07/03/2012;0.0008
08/03/2012;
09/03/2012;-0.0029
12/03/2012;0.0172
13/03/2012;0.0017
14/03/2012;0.0012
15/03/2012;-0.0001
16/03/2012;-0.0024
19/03/2012;-0.0049
20/03/2012;0.0028
21/03/2012;0.0033
22/03/2012;0.0007
23/03/2012;-0.0041
26/03/2012;0.0061
27/03/2012;-0.0041
28/03/2012;0.0034
29/03/2012;0.0102
30/03/2012;-0.0008
02/04/2012;0.0004
03/04/2012;-0.0017
04/04/2012;-0.0129
05/04/2012;-0.0113
06/04/2012;0.0025
09/04/2012;-0.0019
10/04/2012;-0.0170
11/04/2012;-0.0067
12/04/2012;0.0041
13/04/2012;-0.0039
16/04/2012;-0.0044
17/04/2012;0.0016
18/04/2012;0.0113
19/04/2012;0.0057
20/04/2012;
23/04/2012;-0.0160
24/04/2012;0.0081
25/04/2012;0.0122
26/04/2012;0.0020
27/04/2012;-0.0180
30/04/2012;-0.0011
01/05/2012;-0.0061
02/05/2012;0.0014
03/05/2012;-0.0045
04/05/2012;-0.0128
07/05/2012;-0.0103
08/05/2012;0.0052
09/05/2012;0.0210
10/05/2012;-0.0037
11/05/2012;-0.0092
14/05/2012;0.0000
15/05/2012;0.0097
16/05/2012;-0.0053
17/05/2012;-0.0009
18/05/2012;0.0049
21/05/2012;-0.0091
22/05/2012;0.0055
23/05/2012;0.0213
24/05/2012;-0.0021
25/05/2012;0.0078
28/05/2012;
29/05/2012;-0.0073
30/05/2012;0.0025
31/05/2012;-0.0068
01/06/2012;0.0015
04/06/2012;0.0041
05/06/2012;-0.0110
06/06/2012;-0.0130
07/06/2012;-0.0049
08/06/2012;-0.0014
11/06/2012;0.0019
12/06/2012;0.0184
13/06/2012;-0.0085
14/06/2012;-0.0071
15/06/2012;0.0165
18/06/2012;0.0063
19/06/2012;-0.0004
20/06/2012;-0.0041
21/06/2012;0.0121
22/06/2012;-0.0015
25/06/2012;-0.0045
26/06/2012;0.0060
27/06/2012;0.0013
28/06/2012;-0.0007
29/06/2012;-0.0028
02/07/2012;-0.0034
03/07/2012;-0.0044
04/07/2012;0.0046
05/07/2012;-0.0040
06/07/2012;0.0012
09/07/2012;0.0136
10/07/2012;0.0076
11/07/2012;0.0016
12/07/2012;0.0037
13/07/2012;-0.0037
16/07/2012;0.0010
17/07/2012;-0.0045
18/07/2012;0.0024
19/07/2012;-0.0007
20/07/2012;0.0052
23/07/2012;0.0019
24/07/2012;0.0000
25/07/2012;-0.0003
26/07/2012;0.0055
27/07/2012;
30/07/2012;0.0017
31/07/2012;-0.0099
01/08/2012;-0.0048
02/08/2012;0.0038
03/08/2012;0.0005
06/08/2012;0.0104
07/08/2012;0.0038
08/08/2012;-0.0014
09/08/2012;0.0027
10/08/2012;0.0010
13/08/2012;-0.0022
14/08/2012;0.0052
15/08/2012;-0.0054
16/08/2012;-0.0025
17/08/2012;0.0088
20/08/2012;0.0075
21/08/2012;0.0002
22/08/2012;0.0019
23/08/2012;-0.0025
24/08/2012;-0.0034
27/08/2012;0.0021
28/08/2012;0.0120
29/08/2012;0.0022
30/08/2012;-0.0027
31/08/2012;0.0008
03/09/2012;0.0020
04/09/2012;-0.0026
05/09/2012;0.0095
06/09/2012;0.0020
07/09/2012;0.0025
10/09/2012;-0.0037
11/09/2012;0.0014
12/09/2012;0.0007
13/09/2012;0.0012
14/09/2012;0.0061
17/09/2012;0.0003
18/09/2012;0.0035
19/09/2012;0.0050
20/09/2012;-0.0085
21/09/2012;0.0004
24/09/2012;0.0000
25/09/2012;-0.0074
26/09/2012;-0.0003
27/09/2012;-0.0022
28/09/2012;0.0113
01/10/2012;0.0022
02/10/2012;0.0021
03/10/2012;-0.0053
04/10/2012;0.0019
05/10/2012;0.0025
08/10/2012;0.0063
09/10/2012;0.0024
10/10/2012;0.0023
11/10/2012;0.0010
12/10/2012;-0.0005
15/10/2012;0.0016
16/10/2012;0.0023
17/10/2012;
18/10/2012;-0.0037
19/10/2012;-0.0137
22/10/2012;0.0035
23/10/2012;0.0092
24/10/2012;0.0008
25/10/2012;-0.0028
26/10/2012;0.0088
29/10/2012;0.0040
30/10/2012;-0.0013
31/10/2012;-0.0040
01/11/2012;0.0018
02/11/2012;0.0023
05/11/2012;-0.0010
06/11/2012;0.0012
07/11/2012;0.0087
08/11/2012;0.0011
09/11/2012;-0.0032
12/11/2012;0.0022
13/11/2012;-0.0014
14/11/2012;-0.0037
15/11/2012;-0.0053
16/11/2012;
19/11/2012;0.0043
20/11/2012;0.0070
21/11/2012;-0.0015
22/11/2012;-0.0045
23/11/2012;
26/11/2012;
27/11/2012;-0.0012
28/11/2012;0.0012
29/11/2012;-0.0061
30/11/2012;0.0022
03/12/2012;-0.0005
04/12/2012;0.0019
05/12/2012;0.0063
06/12/2012;0.0048
07/12/2012;
10/12/2012;0.0008
11/12/2012;-0.0009
12/12/2012;-0.0030
13/12/2012;0.0029
14/12/2012;-0.0053
17/12/2012;0.0035
18/12/2012;0.0085
19/12/2012;-0.0113
20/12/2012;-0.0012
21/12/2012;-0.0011
24/12/2012;0.0058
26/12/2012;0.0066
27/12/2012;0.0053
28/12/2012;0.0017
31/12/2012;-0.0010
02/01/2013;0.0007
03/01/2013;0.0014
04/01/2013;-0.0012
07/01/2013;-0.0071
08/01/2013;-0.0033
09/01/2013;0.0076
10/01/2013;0.0076
11/01/2013;0.0010
14/01/2013;-0.0009
15/01/2013;
16/01/2013;0.0028
17/01/2013;-0.0014
18/01/2013;-0.0009
22/01/2013;-0.0036
23/01/2013;-0.0013
24/01/2013;-0.0353
25/01/2013;0.0055
28/01/2013;-0.0026
29/01/2013;-0.0115
30/01/2013;-0.0095
31/01/2013;0.0154
01/02/2013;-0.0025
04/02/2013;0.0071
05/02/2013;0.0007
06/02/2013;0.0027
07/02/2013;-0.0206
08/02/2013;0.0067
11/02/2013;0.0037
12/02/2013;-0.0038
13/02/2013;0.0108
14/02/2013;0.0063
15/02/2013;0.0169
19/02/2013;-0.0003
20/02/2013;0.0011
21/02/2013;0.0010
22/02/2013;-0.0062
25/02/2013;-0.0080
26/02/2013;0.0037
27/02/2013;-0.0012
28/02/2013;0.0026
01/03/2013;0.0092
04/03/2013;0.0011
05/03/2013;0.0030
06/03/2013;
07/03/2013;0.0006
08/03/2013;0.0026
11/03/2013;-0.0066
12/03/2013;0.0062
13/03/2013;0.0035
14/03/2013;0.0107
15/03/2013;0.0020
18/03/2013;0.0007
19/03/2013;-0.0012
20/03/2013;0.0092
21/03/2013;-0.0023
22/03/2013;-0.0004
25/03/2013;0.0101
26/03/2013;-0.0008
27/03/2013;-0.0001
28/03/2013;-0.0079
01/04/2013;0.0026
02/04/2013;0.0065
03/04/2013;0.0043
04/04/2013;0.0021
05/04/2013;0.0026
08/04/2013;-0.0012
09/04/2013;0.0032
10/04/2013;-0.0141
11/04/2013;0.0096
12/04/2013;-0.0018
15/04/2013;-0.0013
16/04/2013;0.0086
17/04/2013;-0.0009
18/04/2013;0.0066
19/04/2013;0.0015
22/04/2013;-0.0006
23/04/2013;-0.0012
24/04/2013;-0.0097
25/04/2013;0.0054
26/04/2013;
29/04/2013;0.0016
30/04/2013;0.0080
01/05/2013;0.0003
02/05/2013;0.0037
03/05/2013;0.0018
06/05/2013;-0.0054
07/05/2013;-0.0089
08/05/2013;-0.0177
09/05/2013;0.0113
10/05/2013;0.0010
13/05/2013;-0.0107
14/05/2013;0.0151
15/05/2013;0.0048
16/05/2013;0.0065
17/05/2013;-0.0012
20/05/2013;0.0017
21/05/2013;-0.0137
22/05/2013;0.0062
23/05/2013;-0.0130
24/05/2013;-0.0032
28/05/2013;-0.0032
29/05/2013;0.0090
30/05/2013;-0.0004
31/05/2013;-0.0016
03/06/2013;0.0106
04/06/2013;0.0036
05/06/2013;
06/06/2013;0.0003
07/06/2013;0.0033
10/06/2013;0.0009
11/06/2013;-0.0143
12/06/2013;0.0057
13/06/2013;0.0189
14/06/2013;0.0031
17/06/2013;-0.0019
18/06/2013;-0.0001
19/06/2013;-0.0021
20/06/2013;0.0045
21/06/2013;-0.0123
24/06/2013;0.0049
25/06/2013;-0.0200
26/06/2013;0.0047
27/06/2013;-0.0236
28/06/2013;-0.0161
01/07/2013;0.0102
02/07/2013;-0.0127
03/07/2013;0.0072
05/07/2013;0.0043
08/07/2013;-0.0269
09/07/2013;0.0239
10/07/2013;0.0061
11/07/2013;0.0140
12/07/2013;-0.0301
15/07/2013;0.0004
16/07/2013;-0.0005
17/07/2013;-0.0183
18/07/2013;-0.0140
19/07/2013;0.0032
22/07/2013;0.0243
23/07/2013;-0.0003
24/07/2013;0.0011
25/07/2013;0.0116
26/07/2013;-0.0011
29/07/2013;0.0115
30/07/2013;-0.0085
31/07/2013;-0.0238
01/08/2013;0.0217
02/08/2013;-0.0042
05/08/2013;0.0112
06/08/2013;
07/08/2013;0.0104
08/08/2013;-0.0116
09/08/2013;0.0042
12/08/2013;-0.0171
13/08/2013;-0.0013
14/08/2013;0.0135
15/08/2013;0.0000
16/08/2013;0.0084
19/08/2013;0.0002
20/08/2013;-0.0051
21/08/2013;0.0288
22/08/2013;0.0061
23/08/2013;-0.0067
26/08/2013;0.0046
27/08/2013;-0.0053
28/08/2013;-0.0003
29/08/2013;0.0054
30/08/2013;0.0039
03/09/2013;-0.0030
04/09/2013;0.0132
05/09/2013;-0.0003
06/09/2013;-0.0046
09/09/2013;0.0021
10/09/2013;0.0095
11/09/2013;-0.0032
12/09/2013;0.0081
13/09/2013;-0.0017
16/09/2013;-0.0052
17/09/2013;0.0047
18/09/2013;-0.0084
19/09/2013;-0.0066
20/09/2013;0.0018
23/09/2013;-0.0008
24/09/2013;-0.0259
25/09/2013;0.0038
26/09/2013;0.0088
27/09/2013;-0.0024
30/09/2013;-0.0010
01/10/2013;0.0137
02/10/2013;0.0037
03/10/2013;-0.0065
04/10/2013;0.0119
07/10/2013;-0.0268
08/10/2013;0.0008
09/10/2013;-0.0050
10/10/2013;0.0120
11/10/2013;-0.0298
14/10/2013;-0.0006
15/10/2013;-0.0144
16/10/2013;-0.0100
17/10/2013;0.0287
18/10/2013;-0.0071
21/10/2013;-0.0133
22/10/2013;0.0052
23/10/2013;-0.0176
24/10/2013;0.0045
25/10/2013;-0.0161
28/10/2013;
29/10/2013;0.0167
30/10/2013;-0.0235
31/10/2013;0.0148
01/11/2013;0.0282
04/11/2013;0.0005
05/11/2013;0.0077
06/11/2013;-0.0059
07/11/2013;-0.0066
08/11/2013;0.0151
11/11/2013;0.0149
12/11/2013;-0.0018
13/11/2013;0.0075
14/11/2013;-0.0256
15/11/2013;0.0060
18/11/2013;0.0012
19/11/2013;-0.0138
20/11/2013;-0.0151
21/11/2013;0.0063
22/11/2013;-0.0014
25/11/2013;0.0049
26/11/2013;0.0165
27/11/2013;0.0080
28/11/2013;
29/11/2013;0.0008
02/12/2013;-0.0143
03/12/2013;0.0014
04/12/2013;-0.0069
05/12/2013;
06/12/2013;-0.0145
09/12/2013;0.0000
10/12/2013;-0.0249
11/12/2013;0.0032
12/12/2013;-0.0185
13/12/2013;0.0135
16/12/2013;0.0079
17/12/2013;-0.0137
18/12/2013;0.0108
19/12/2013;-0.0252
20/12/2013;-0.0056
23/12/2013;-0.0295
24/12/2013;-0.0061
26/12/2013;
27/12/2013;-0.0111
30/12/2013;0.0212
31/12/2013;0.0100
02/01/2014;-0.0160
03/01/2014;0.0174
06/01/2014;0.0061
07/01/2014;-0.0048
08/01/2014;0.0166
09/01/2014;0.0122
10/01/2014;-0.0105
13/01/2014;-0.0325
14/01/2014;-0.0077
15/01/2014;0.0079
16/01/2014;-0.0042
17/01/2014;0.0059
21/01/2014;0.0072
22/01/2014;0.0135
23/01/2014;-0.0135
24/01/2014;0.0008
27/01/2014;
28/01/2014;-0.0009
29/01/2014;0.0083
30/01/2014;-0.0130
31/01/2014;0.0078
03/02/2014;0.0137
04/02/2014;0.0069
05/02/2014;-0.0009
06/02/2014;-0.0090
07/02/2014;-0.0275
10/02/2014;0.0005
11/02/2014;-0.0035
12/02/2014;0.0052
13/02/2014;-0.0223
14/02/2014;-0.0084
18/02/2014;-0.0156
19/02/2014;0.0365
20/02/2014;-0.0090
21/02/2014;0.0051
24/02/2014;-0.0210
25/02/2014;-0.0090
26/02/2014;0.0415
27/02/2014;-0.0246
28/02/2014;0.0237
03/03/2014;
04/03/2014;0.0152
05/03/2014;0.0023
06/03/2014;-0.0088
07/03/2014;-0.0115
10/03/2014;-0.0080
11/03/2014;0.0057
12/03/2014;0.0353
13/03/2014;-0.0019
14/03/2014;0.0013
17/03/2014;0.0008
18/03/2014;0.0016
19/03/2014;-0.0051
20/03/2014;-0.0081
21/03/2014;0.0045
24/03/2014;-0.0206
25/03/2014;-0.0034
26/03/2014;0.0046
27/03/2014;0.0224
28/03/2014;0.0006
31/03/2014;0.0180
01/04/2014;-0.0016
02/04/2014;-0.0088
03/04/2014;0.0029
04/04/2014;0.0064
07/04/2014;0.0065
08/04/2014;-0.0011
09/04/2014;-0.0039
10/04/2014;-0.0039
11/04/2014;0.0170
14/04/2014;0.0032
15/04/2014;-0.0045
16/04/2014;0.0076
17/04/2014;-0.0183
21/04/2014;0.0037
22/04/2014;-0.0067
23/04/2014;0.0110
24/04/2014;-0.0004
25/04/2014;0.0040
28/04/2014;0.0105
29/04/2014;0.0012
30/04/2014;0.0009
01/05/2014;-0.0093
02/05/2014;-0.0162
05/05/2014;0.0026
06/05/2014;-0.0133
07/05/2014;
08/05/2014;0.0068
09/05/2014;0.0040
12/05/2014;0.0053
13/05/2014;0.0015
14/05/2014;-0.0106
15/05/2014;-0.0058
16/05/2014;-0.0003
19/05/2014;0.0193
20/05/2014;-0.0314
21/05/2014;0.0008
22/05/2014;-0.0024
23/05/2014;-0.0170
27/05/2014;0.0033
28/05/2014;0.0149
29/05/2014;0.0001
30/05/2014;-0.0068
02/06/2014;-0.0098
03/06/2014;0.0037
04/06/2014;-0.0187
05/06/2014;0.0001
06/06/2014;-0.0028
09/06/2014;0.0058
10/06/2014;-0.0298
11/06/2014;-0.0037
12/06/2014;0.0013
13/06/2014;0.0038
16/06/2014;-0.0184
17/06/2014;0.0011
18/06/2014;
19/06/2014;-0.0084
20/06/2014;0.0169
23/06/2014;-0.0230
24/06/2014;0.0070
25/06/2014;-0.0112
26/06/2014;-0.0091
27/06/2014;-0.0110
30/06/2014;0.0248
01/07/2014;0.0119
02/07/2014;0.0003
03/07/2014;-0.0005
07/07/2014;0.0134
08/07/2014;0.0041
09/07/2014;-0.0234
10/07/2014;0.0042
11/07/2014;-0.0188
14/07/2014;0.0231
15/07/2014;0.0165
16/07/2014;-0.0132
17/07/2014;-0.0056
18/07/2014;-0.0090
21/07/2014;0.0283
22/07/2014;0.0033
23/07/2014;-0.0181
24/07/2014;0.0236
25/07/2014;0.0069
28/07/2014;-0.0121
29/07/2014;-0.0029
30/07/2014;0.0055
31/07/2014;0.0041
01/08/2014;-0.0152
04/08/2014;-0.0094
05/08/2014;0.0062
06/08/2014;0.0025
07/08/2014;0.0113
08/08/2014;-0.0198
11/08/2014;0.0037
12/08/2014;0.0080
13/08/2014;0.0147
14/08/2014;-0.0138
15/08/2014;
18/08/2014;-0.0041
19/08/2014;-0.0020
20/08/2014;-0.0304
21/08/2014;0.0044
22/08/2014;0.0203
25/08/2014;-0.0347
26/08/2014;0.0061
27/08/2014;0.0137
28/08/2014;0.0021
29/08/2014;-0.0483
02/09/2014;0.0174
03/09/2014;-0.0483
04/09/2014;0.0424
05/09/2014;0.0395
08/09/2014;-0.0390
09/09/2014;-0.0158
10/09/2014;-0.0020
11/09/2014;0.0195
12/09/2014;0.0032
15/09/2014;-0.0920
16/09/2014;0.0528
17/09/2014;-0.0046
18/09/2014;-0.0411
19/09/2014;-0.0136
22/09/2014;-0.0393
23/09/2014;-0.0591
24/09/2014;-0.0114
25/09/2014;-0.0792
26/09/2014;-0.0118
29/09/2014;0.1096
30/09/2014;-0.0053
01/10/2014;-0.0947
02/10/2014;0.0416
03/10/2014;-0.0062
06/10/2014;0.0466
07/10/2014;-0.0313
08/10/2014;-0.0630
09/10/2014;0.0126
10/10/2014;-0.0351
13/10/2014;-0.0323
14/10/2014;0.1025
15/10/2014;-0.0111
16/10/2014;0.0255
17/10/2014;0.0152
20/10/2014;-0.0025
21/10/2014;0.0400
22/10/2014;-0.0541
23/10/2014;-0.0516
24/10/2014;0.0284
27/10/2014;-0.0127
28/10/2014;-0.0223
29/10/2014;-0.0533
30/10/2014;0.0669
31/10/2014;-0.0426
03/11/2014;-0.0261
04/11/2014;0.0098
05/11/2014;-0.0631
06/11/2014;-0.0695
07/11/2014;0.0613
10/11/2014;0.0627
11/11/2014;0.0065
12/11/2014;0.0347
13/11/2014;
14/11/2014;0.0096
17/11/2014;-0.0935
18/11/2014;0.0392
19/11/2014;0.0255
20/11/2014;-0.0297
21/11/2014;0.0358
24/11/2014;0.0377
25/11/2014;-0.0234
26/11/2014;0.0118
28/11/2014;-0.0289
01/12/2014;0.0070
02/12/2014;-0.0128
03/12/2014;0.0501
04/12/2014;-0.0096
05/12/2014;-0.0214
08/12/2014;0.0029
09/12/2014;-0.0185
10/12/2014;-0.0098
11/12/2014;0.0058
12/12/2014;0.0053
15/12/2014;-0.0039
16/12/2014;0.0241
17/12/2014;0.0141
18/12/2014;
19/12/2014;0.0311
22/12/2014;-0.0047
23/12/2014;0.0078
24/12/2014;-0.0305
26/12/2014;0.0034
29/12/2014;-0.0215
30/12/2014;-0.0228
31/12/2014;0.0018
02/01/2015;-0.0340
05/01/2015;0.0013
06/01/2015;0.0075
07/01/2015;
08/01/2015;-0.0543
09/01/2015;0.0426
12/01/2015;-0.0153
13/01/2015;0.0054
14/01/2015;0.0055
15/01/2015;0.0109
16/01/2015;0.0330
20/01/2015;-0.0337
21/01/2015;-0.0231
22/01/2015;-0.0005
23/01/2015;0.0157
26/01/2015;-0.0075
27/01/2015;0.0162
28/01/2015;0.0265
29/01/2015;0.0015
30/01/2015;-0.0504
02/02/2015;0.0079
03/02/2015;0.0017
04/02/2015;-0.0100
05/02/2015;
06/02/2015;-0.0466
09/02/2015;-0.0010
10/02/2015;-0.0121
11/02/2015;-0.0115
12/02/2015;-0.0353
13/02/2015;0.0393
17/02/2015;-0.0107
18/02/2015;-0.0159
19/02/2015;-0.0238
20/02/2015;-0.0477
23/02/2015;-0.0064
24/02/2015;0.0235
25/02/2015;-0.0435
26/02/2015;0.0012
27/02/2015;-0.0101
02/03/2015;0.0617
03/03/2015;0.0024
04/03/2015;0.0399
05/03/2015;0.0077
06/03/2015;-0.0035
09/03/2015;0.0316
10/03/2015;0.0206
11/03/2015;-0.0131
12/03/2015;-0.0200
13/03/2015;0.0684
16/03/2015;-0.0206
17/03/2015;0.0096
18/03/2015;0.0231
19/03/2015;-0.0205
20/03/2015;-0.0354
23/03/2015;0.0130
24/03/2015;0.0164
25/03/2015;0.0283
26/03/2015;0.0097
27/03/2015;-0.0084
30/03/2015;-0.0241
31/03/2015;0.0117
01/04/2015;0.0373
02/04/2015;
06/04/2015;0.0025
07/04/2015;-0.0203
08/04/2015;0.0125
09/04/2015;0.0154
10/04/2015;0.0050
13/04/2015;-0.0437
14/04/2015;0.0210
15/04/2015;-0.0077
16/04/2015;0.0099
17/04/2015;0.0167
20/04/2015;-0.0101
21/04/2015;-0.0027
22/04/2015;0.0214
23/04/2015;-0.0010
24/04/2015;0.0054
27/04/2015;0.0333
28/04/2015;-0.0038
29/04/2015;0.0173
30/04/2015;-0.0133
01/05/2015;0.0238
04/05/2015;-0.0217
05/05/2015;-0.0010
06/05/2015;-0.0273
07/05/2015;0.0103
08/05/2015;-0.0115
11/05/2015;0.0299
12/05/2015;-0.0017
13/05/2015;-0.0051
14/05/2015;-0.0169
15/05/2015;-0.0015
18/05/2015;
19/05/2015;0.0260
20/05/2015;-0.0192
21/05/2015;0.0153
22/05/2015;0.0135
26/05/2015;0.0255
27/05/2015;0.0020
28/05/2015;-0.0138
29/05/2015;0.0114
01/06/2015;-0.0025
02/06/2015;-0.0010
03/06/2015;0.0035
04/06/2015;-0.0035
05/06/2015;0.0061
08/06/2015;0.0014
09/06/2015;-0.0241
10/06/2015;-0.0128
11/06/2015;-0.0014
12/06/2015;0.0084
15/06/2015;0.0031
16/06/2015;-0.0311
17/06/2015;0.0023
18/06/2015;0.0065
19/06/2015;0.0212
22/06/2015;-0.0015
23/06/2015;0.0090
24/06/2015;-0.0086
25/06/2015;0.0044
26/06/2015;-0.0296
29/06/2015;0.0026
30/06/2015;-0.0199
01/07/2015;-0.0017
02/07/2015;0.0035
06/07/2015;-0.0040
07/07/2015;0.0246
08/07/2015;0.0053
09/07/2015;0.0292
10/07/2015;0.0086
13/07/2015;-0.0004
14/07/2015;0.0114
15/07/2015;0.0036
16/07/2015;-0.0005
17/07/2015;0.0230
20/07/2015;0.0030
21/07/2015;0.0030
22/07/2015;-0.0026
23/07/2015;-0.0046
24/07/2015;0.0118
27/07/2015;0.0007
28/07/2015;0.0152
29/07/2015;0.0030
30/07/2015;-0.0029
31/07/2015;-0.0056
03/08/2015;0.0133
04/08/2015;-0.0034
05/08/2015;-0.0127
06/08/2015;0.0115
07/08/2015;0.0069
10/08/2015;-0.0086
11/08/2015;-0.0246
12/08/2015;0.0101
13/08/2015;0.0068
14/08/2015;0.0109
17/08/2015;0.0185
18/08/2015;-0.0005
19/08/2015;0.0024
20/08/2015;0.0001
21/08/2015;0.0028
24/08/2015;-0.0020
25/08/2015;-0.0081
26/08/2015;-0.0224
27/08/2015;-0.0033
28/08/2015;0.0085
31/08/2015;0.0130
01/09/2015;0.0088
02/09/2015;0.0078
03/09/2015;0.0104
04/09/2015;-0.0014
08/09/2015;0.0063
09/09/2015;0.0031
10/09/2015;0.0152
11/09/2015;-0.0031
14/09/2015;0.0026
15/09/2015;-0.0034
16/09/2015;0.0066
17/09/2015;-0.0101
18/09/2015;-0.0096
21/09/2015;-0.0061
22/09/2015;0.0177
23/09/2015;-0.0022
24/09/2015;-0.0033
25/09/2015;-0.0261
28/09/2015;-0.0045
29/09/2015;0.0148
30/09/2015;0.0136
01/10/2015;0.0027
02/10/2015;0.0074
05/10/2015;0.0056
06/10/2015;0.0044
07/10/2015;-0.0028
08/10/2015;0.0174
09/10/2015;0.0041
12/10/2015;-0.0081
13/10/2015;0.0094
14/10/2015;-0.0063
15/10/2015;-0.0089
16/10/2015;0.0106
19/10/2015;-0.0123
20/10/2015;-0.0118
21/10/2015;-0.0033
22/10/2015;-0.0197
23/10/2015;0.0223
26/10/2015;-0.0285
27/10/2015;0.0064
28/10/2015;0.0024
29/10/2015;0.0010
30/10/2015;0.0191
02/11/2015;0.0025
03/11/2015;0.0220
04/11/2015;-0.0001
05/11/2015;0.0050
06/11/2015;-0.0103
09/11/2015;0.0057
10/11/2015;0.0144
11/11/2015;0.0009
12/11/2015;-0.0005
13/11/2015;-0.0135
16/11/2015;-0.0032
17/11/2015;0.0135
18/11/2015;-0.0005
19/11/2015;0.0045
20/11/2015;-0.0174
23/11/2015;0.0038
24/11/2015;0.0120
25/11/2015;0.0003
27/11/2015;-0.0084
30/11/2015;0.0055
01/12/2015;-0.0025
02/12/2015;-0.0103
03/12/2015;0.0037
04/12/2015;0.0058
07/12/2015;0.0037
08/12/2015;0.0069
09/12/2015;-0.0056
10/12/2015;0.0011
11/12/2015;-0.0119
14/12/2015;0.0058
15/12/2015;0.0104
16/12/2015;0.0036
17/12/2015;0.0023
18/12/2015;0.0052
21/12/2015;0.0012
22/12/2015;-0.0014
23/12/2015;0.0002
24/12/2015;-0.0101
28/12/2015;0.0159
29/12/2015;0.0031
30/12/2015;0.0005
31/12/2015;0.0040
04/01/2016;0.0029
05/01/2016;0.0017
06/01/2016;-0.0094
07/01/2016;0.0083
08/01/2016;0.0024
11/01/2016;-0.0109
12/01/2016;0.0124
13/01/2016;-0.0107
14/01/2016;-0.0191
15/01/2016;-0.0224
19/01/2016;0.0046
20/01/2016;-0.0042
21/01/2016;0.0049
22/01/2016;-0.0119
25/01/2016;-0.0099
26/01/2016;0.0142
27/01/2016;0.0129
28/01/2016;-0.0055
29/01/2016;-0.0316
01/02/2016;0.0029
02/02/2016;-0.0089
03/02/2016;0.0130
04/02/2016;-0.0022
05/02/2016;0.0096
08/02/2016;-0.0027
09/02/2016;0.0178
10/02/2016;0.0042
11/02/2016;0.0066
12/02/2016;0.0022
16/02/2016;-0.0010
17/02/2016;-0.0122
18/02/2016;0.0097
19/02/2016;-0.0021
22/02/2016;0.0014
23/02/2016;0.0101
24/02/2016;0.0023
25/02/2016;0.0004
26/02/2016;0.0037
29/02/2016;0.0139
01/03/2016;-0.0002
02/03/2016;0.0017
03/03/2016;0.0045
04/03/2016;0.0040
07/03/2016;-0.0002
08/03/2016;0.0005
09/03/2016;0.0077
10/03/2016;0.0058
11/03/2016;-0.0003
14/03/2016;-0.0051
15/03/2016;0.0051
16/03/2016;0.0071
17/03/2016;-0.0055
18/03/2016;-0.0017
21/03/2016;0.0007
22/03/2016;0.0057
23/03/2016;0.0000
24/03/2016;-0.0033
28/03/2016;0.0074
29/03/2016;0.0079
30/03/2016;0.0017
31/03/2016;-0.0059
01/04/2016;0.0034
04/04/2016;0.0067
05/04/2016;0.0018
06/04/2016;0.0007
07/04/2016;0.0111
08/04/2016;0.0008
11/04/2016;-0.0163
12/04/2016;0.0045
13/04/2016;0.0080
14/04/2016;-0.0010
15/04/2016;0.0023
18/04/2016;0.0071
19/04/2016;-0.0043
20/04/2016;-0.0237
21/04/2016;0.0064
22/04/2016;0.0129
25/04/2016;-0.0168
26/04/2016;0.0130
27/04/2016;-0.0241
28/04/2016;-0.0066
29/04/2016;-0.0329
02/05/2016;-0.0154
03/05/2016;0.0430
04/05/2016;-0.0034
05/05/2016;0.0136
06/05/2016;-0.0122
09/05/2016;-0.0190
10/05/2016;0.0011
11/05/2016;-0.0143
12/05/2016;-0.0051
13/05/2016;-0.0398
16/05/2016;0.0149
17/05/2016;-0.0130
18/05/2016;0.0004
19/05/2016;-0.0057
20/05/2016;0.0323
23/05/2016;-0.0125
24/05/2016;-0.0173
25/05/2016;0.0255
26/05/2016;0.0040
27/05/2016;-0.0350
30/05/2016;-0.0136
31/05/2016;0.0109
01/06/2016;-0.0060
02/06/2016;0.0291
03/06/2016;0.0044
06/06/2016;-0.0018
07/06/2016;0.0232
08/06/2016;-0.0006
09/06/2016;0.0013
10/06/2016;0.0013
13/06/2016;-0.0039
14/06/2016;-0.0162
15/06/2016;-0.0030
16/06/2016;-0.0169
17/06/2016;0.0029
20/06/2016;-0.0020
21/06/2016;-0.0315
22/06/2016;-0.0102
23/06/2016;-0.0032
24/06/2016;-0.0047
27/06/2016;0.0053
28/06/2016;0.0309
29/06/2016;0.0094
30/06/2016;0.0072
01/07/2016;0.0007
05/07/2016;0.0153
06/07/2016;-0.0002
07/07/2016;0.0012
08/07/2016;-0.0292
11/07/2016;0.0060
12/07/2016;0.0114
13/07/2016;-0.0129
14/07/2016;0.0223
15/07/2016;0.0082
18/07/2016;0.0111
19/07/2016;-0.0010
20/07/2016;-0.0069
21/07/2016;-0.0042
22/07/2016;0.0001
25/07/2016;0.0218
26/07/2016;-0.0048
27/07/2016;0.0060
28/07/2016;-0.0013
29/07/2016;-0.0037
01/08/2016;0.0055
02/08/2016;-0.0060
03/08/2016;-0.0286
04/08/2016;-0.0054
05/08/2016;-0.0040
08/08/2016;0.0001
09/08/2016;0.0121
10/08/2016;0.0015
11/08/2016;-0.0171
12/08/2016;-0.0037
15/08/2016;-0.0040
16/08/2016;-0.0146
17/08/2016;0.0033
18/08/2016;-0.0077
19/08/2016;0.0165
22/08/2016;-0.0148
23/08/2016;0.0004
24/08/2016;0.0291
25/08/2016;0.0090
26/08/2016;0.0131
29/08/2016;-0.0115
30/08/2016;0.0064
31/08/2016;0.0048
01/09/2016;0.0049
02/09/2016;0.0111
06/09/2016;-0.0007
07/09/2016;0.0035
08/09/2016;-0.0004
09/09/2016;0.0008
12/09/2016;0.0151
13/09/2016;-0.0026
14/09/2016;-0.0048
15/09/2016;-0.0084
16/09/2016;0.0210
19/09/2016;-0.0057
20/09/2016;0.0048
21/09/2016;-0.0026
22/09/2016;-0.0031
23/09/2016;0.0044
26/09/2016;-0.0081
27/09/2016;0.0206
28/09/2016;-0.0007
29/09/2016;-0.0016
30/09/2016;0.0061
03/10/2016;0.0001
04/10/2016;0.0038
05/10/2016;0.0071
06/10/2016;-0.0036
07/10/2016;0.0020
10/10/2016;0.0072
11/10/2016;-0.0160
12/10/2016;0.0105
13/10/2016;0.0018
14/10/2016;0.0024
17/10/2016;0.0021
18/10/2016;0.0000
19/10/2016;-0.0027
20/10/2016;0.0011
21/10/2016;-0.0004
24/10/2016;0.0009
25/10/2016;0.0077
26/10/2016;0.0037
27/10/2016;0.0191
28/10/2016;0.0039
31/10/2016;-0.0021
01/11/2016;-0.0081
02/11/2016;0.0044
03/11/2016;-0.0043
04/11/2016;-0.0119
05/11/2016;-0.0012
06/11/2016;-0.0163
07/11/2016;0.0002
08/11/2016;0.0152
09/11/2016;0.0025
10/11/2016;-0.0016
11/11/2016;-0.0144
12/11/2016;0.0148
13/11/2016;-0.0075
14/11/2016;-0.0014
15/11/2016;-0.0061
16/11/2016;0.0214
17/11/2016;0.0127
18/11/2016;0.0026
19/11/2016;-0.0013
20/11/2016;0.0005
21/11/2016;0.0037
22/11/2016;0.0038
23/11/2016;0.0060
24/11/2016;0.0000
25/11/2016;0.0009
26/11/2016;-0.0051
27/11/2016;0.0062
28/11/2016;0.0008
29/11/2016;0.0025
30/11/2016;0.0060
01/12/2016;0.0034
02/12/2016;-0.0016
03/12/2016;0.0006
04/12/2016;0.0008
05/12/2016;0.0010
06/12/2016;-0.0015
07/12/2016;-0.0002
08/12/2016;0.0113
09/12/2016;-0.0013
10/12/2016;0.0050
11/12/2016;-0.0021
12/12/2016;-0.0018
13/12/2016;-0.0014
14/12/2016;0.0037
15/12/2016;0.0090
16/12/2016;-0.0017
17/12/2016;0.0074
18/12/2016;0.0014
19/12/2016;-0.0102
20/12/2016;-0.0013
21/12/2016;0.0024
22/12/2016;0.0058
23/12/2016;0.0003
24/12/2016;0.0042
25/12/2016;0.0022
26/12/2016;-0.0180
27/12/2016;0.0076
28/12/2016;0.0166
29/12/2016;-0.0027
30/12/2016;0.0024
31/12/2016;0.0029
01/01/2017;0.0062
02/01/2017;0.0042
03/01/2017;-0.0028
04/01/2017;0.0007
05/01/2017;0.0055
06/01/2017;0.0024
07/01/2017;-0.0032
08/01/2017;0.0062
09/01/2017;0.0031
10/01/2017;0.0019
11/01/2017;-0.0207
12/01/2017;-0.0061
13/01/2017;-0.0010
14/01/2017;0.0105
15/01/2017;0.0055
16/01/2017;-0.0159
17/01/2017;0.0016
18/01/2017;0.0171
19/01/2017;-0.0074
20/01/2017;-0.0084
21/01/2017;0.0089
22/01/2017;-0.0014
23/01/2017;-0.0191
24/01/2017;0.0071
25/01/2017;-0.0061
26/01/2017;-0.0113
27/01/2017;-0.0197
28/01/2017;0.0133
29/01/2017;0.0043
30/01/2017;0.0149
31/01/2017;-0.0036
01/02/2017;0.0029
02/02/2017;0.0093
03/02/2017;0.0032
04/02/2017;-0.0028
05/02/2017;0.0070
06/02/2017;0.0067
07/02/2017;-0.0018
08/02/2017;0.0050
09/02/2017;0.0003
10/02/2017;-0.0002
11/02/2017;0.0022
12/02/2017;-0.0015
13/02/2017;-0.0040
14/02/2017;-0.0028
15/02/2017;-0.0078
16/02/2017;0.0002
17/02/2017;0.0001
18/02/2017;0.0039
19/02/2017;-0.0111
20/02/2017;0.0057
21/02/2017;0.0134
22/02/2017;0.0053
23/02/2017;-0.0016
24/02/2017;0.0089
25/02/2017;0.0062
26/02/2017;0.0035
27/02/2017;0.0023
28/02/2017;-0.0018
01/03/2017;-0.0034
02/03/2017;-0.0069
03/03/2017;-0.0091
04/03/2017;0.0038
05/03/2017;0.0045
06/03/2017;0.0080
07/03/2017;-0.0112
08/03/2017;0.0049
09/03/2017;-0.0081
10/03/2017;-0.0062
11/03/2017;-0.0004
12/03/2017;0.0088
13/03/2017;0.0022
14/03/2017;-0.0077
15/03/2017;-0.0120
16/03/2017;-0.0008
17/03/2017;0.0032
18/03/2017;0.0039
19/03/2017;0.0041
20/03/2017;0.0105
21/03/2017;-0.0230
22/03/2017;-0.0012
23/03/2017;-0.0098
24/03/2017;-0.0108
25/03/2017;-0.0010
26/03/2017;-0.0042
27/03/2017;0.0074
28/03/2017;-0.0141
29/03/2017;0.0007
30/03/2017;0.0125
31/03/2017;-0.0176
01/04/2017;0.0018
02/04/2017;0.0030
03/04/2017;0.0054
04/04/2017;0.0133
05/04/2017;-0.0065
06/04/2017;-0.0028
07/04/2017;-0.0118
08/04/2017;0.0091
09/04/2017;0.0129
10/04/2017;0.0082
11/04/2017;0.0101
12/04/2017;0.0143
13/04/2017;-0.0013
14/04/2017;0.0010
15/04/2017;0.0104
16/04/2017;-0.0070
17/04/2017;-0.0183
18/04/2017;-0.0044
19/04/2017;0.0031
20/04/2017;-0.0067
21/04/2017;0.0055
22/04/2017;-0.0082
23/04/2017;0.0162
24/04/2017;-0.0007
25/04/2017;0.0135
26/04/2017;0.0009
27/04/2017;-0.0057
28/04/2017;-0.0041
29/04/2017;-0.0205
30/04/2017;-0.0032
01/05/2017;-0.0065
02/05/2017;-0.0041
03/05/2017;-0.0259
04/05/2017;0.0050
05/05/2017;-0.0490
06/05/2017;-0.0006
07/05/2017;-0.0690
08/05/2017;0.0463
09/05/2017;-0.0452
10/05/2017;0.0453
11/05/2017;0.0052
12/05/2017;0.0216
13/05/2017;-0.0098
14/05/2017;0.0009
15/05/2017;-0.0456
16/05/2017;-0.0151
17/05/2017;0.0003
18/05/2017;0.0337
19/05/2017;0.0130
20/05/2017;-0.0157
21/05/2017;0.0150
22/05/2017;0.0279
23/05/2017;0.0023
24/05/2017;0.0049
25/05/2017;-0.0119
26/05/2017;-0.0256
27/05/2017;-0.0075
28/05/2017;0.0282
29/05/2017;-0.0107
30/05/2017;-0.0271
31/05/2017;0.0069
01/06/2017;0.0091
02/06/2017;0.0134
03/06/2017;0.0170
04/06/2017;0.0057
05/06/2017;-0.0099
06/06/2017;-0.0017
07/06/2017;-0.0298
08/06/2017;-0.0324
09/06/2017;0.0061
10/06/2017;0.0231
11/06/2017;0.0106
12/06/2017;-0.0209
13/06/2017;0.0081
14/06/2017;-0.0253
15/06/2017;-0.0289
16/06/2017;0.0222
17/06/2017;0.0177
18/06/2017;0.0181
19/06/2017;-0.0082
20/06/2017;0.0336
21/06/2017;0.0005
22/06/2017;0.0097
23/06/2017;-0.0030
24/06/2017;0.0172
25/06/2017;-0.0196
26/06/2017;0.0202
27/06/2017;-0.0127
28/06/2017;0.0045
29/06/2017;0.0186
30/06/2017;0.0128
01/07/2017;-0.0202
02/07/2017;0.0105
03/07/2017;0.0337
04/07/2017;0.0004
05/07/2017;-0.0250
06/07/2017;-0.0283
07/07/2017;0.0160
08/07/2017;0.0186
09/07/2017;-0.0063
10/07/2017;0.0063
11/07/2017;0.0117
12/07/2017;-0.0374
13/07/2017;0.0086
14/07/2017;0.0193
15/07/2017;-0.0096
16/07/2017;0.0048
17/07/2017;-0.0168
18/07/2017;-0.0169
19/07/2017;-0.0004
20/07/2017;-0.0188
21/07/2017;-0.0041
22/07/2017;-0.0223
23/07/2017;-0.0027
24/07/2017;0.0288
25/07/2017;0.0022
26/07/2017;0.0424
27/07/2017;-0.0019
28/07/2017;-0.0002
29/07/2017;0.0102
30/07/2017;0.0011
31/07/2017;0.0020
01/08/2017;-0.0214
02/08/2017;0.0167
03/08/2017;-0.0150
04/08/2017;-0.0087
05/08/2017;-0.0114
06/08/2017;0.0032
07/08/2017;0.0032
08/08/2017;-0.0118
09/08/2017;0.0294
10/08/2017;0.0019
11/08/2017;0.0082
12/08/2017;0.0090
13/08/2017;
14/08/2017;0.0001
15/08/2017;-0.0126
16/08/2017;0.0107
17/08/2017;-0.0043
18/08/2017;
19/08/2017;0.0154
20/08/2017;0.0002
21/08/2017;0.0029
22/08/2017;-0.0025
23/08/2017;0.0023
24/08/2017;0.0088
25/08/2017;0.0003
26/08/2017;0.0023
27/08/2017;-0.0050
28/08/2017;
29/08/2017;0.0035
30/08/2017;0.0110
31/08/2017;0.0049
01/09/2017;0.0007
02/09/2017;0.0005
03/09/2017;-0.0010
04/09/2017;0.0086
05/09/2017;-0.0058
06/09/2017;-0.0016
07/09/2017;-0.0025
08/09/2017;-0.0005
09/09/2017;0.0089
10/09/2017;0.0011
11/09/2017;0.0145
12/09/2017;-0.0004
13/09/2017;0.0020
14/09/2017;0.0022
15/09/2017;0.0015
16/09/2017;-0.0069
17/09/2017;0.0068
18/09/2017;-0.0009
19/09/2017;-0.0054
20/09/2017;0.0110
21/09/2017;0.0023
22/09/2017;
23/09/2017;0.0007
24/09/2017;-0.0033
25/09/2017;0.0043
26/09/2017;0.0017
27/09/2017;0.0014
28/09/2017;0.0034
29/09/2017;-0.0047
30/09/2017;0.0061
01/10/2017;-0.0033
02/10/2017;-0.0039
03/10/2017;-0.0155
04/10/2017;0.0069
05/10/2017;0.0098
06/10/2017;0.0036
07/10/2017;0.0002
08/10/2017;0.0180
09/10/2017;-0.0012
10/10/2017;0.0059
11/10/2017;0.0011
12/10/2017;0.0040
13/10/2017;-0.0030
14/10/2017;-0.0019
15/10/2017;-0.0072
16/10/2017;0.0031
17/10/2017;0.0138
18/10/2017;-0.0028
19/10/2017;-0.0050
20/10/2017;-0.0016
21/10/2017;0.0037
22/10/2017;0.0075
23/10/2017;-0.0040
24/10/2017;-0.0103
25/10/2017;-0.0006
26/10/2017;
27/10/2017;-0.0114
28/10/2017;-0.0172
29/10/2017;0.0074
30/10/2017;0.0137
31/10/2017;-0.0126
01/11/2017;-0.0005
02/11/2017;0.0154
03/11/2017;-0.0041
04/11/2017;-0.0060
05/11/2017;0.0012
06/11/2017;-0.0084
07/11/2017;0.0037
08/11/2017;0.0136
09/11/2017;0.0067
10/11/2017;0.0024
11/11/2017;-0.0039
12/11/2017;0.0056
13/11/2017;-0.0025
14/11/2017;-0.0077
15/11/2017;-0.0163
16/11/2017;0.0004
17/11/2017;-0.0043
18/11/2017;-0.0067
19/11/2017;0.0025
20/11/2017;-0.0034
21/11/2017;-0.0112
22/11/2017;-0.0058
23/11/2017;-0.0044
24/11/2017;-0.0152
25/11/2017;-0.0074
26/11/2017;0.0159
27/11/2017;0.0005
28/11/2017;0.0017
29/11/2017;0.0014
30/11/2017;-0.0022
01/12/2017;
02/12/2017;0.0110
03/12/2017;-0.0144
04/12/2017;-0.0023
05/12/2017;-0.0250
06/12/2017;0.0001
07/12/2017;0.0057
08/12/2017;0.0228
09/12/2017;-0.0001
10/12/2017;0.0081
11/12/2017;-0.0127
12/12/2017;0.0116
13/12/2017;-0.0070
14/12/2017;0.0108
15/12/2017;0.0103
16/12/2017;0.0014
17/12/2017;0.0098
18/12/2017;-0.0017
19/12/2017;-0.0225
20/12/2017;0.0071
21/12/2017;-0.0161
22/12/2017;0.0048
23/12/2017;0.0089
24/12/2017;-0.0021
25/12/2017;0.0246
26/12/2017;0.0025
27/12/2017;0.0062
28/12/2017;
29/12/2017;-0.0047
30/12/2017;-0.0095
31/12/2017;-0.0016
01/01/2018;-0.0082
02/01/2018;0.0000
03/01/2018;-0.0050
04/01/2018;0.0164
05/01/2018;-0.0023
06/01/2018;0.0074
07/01/2018;0.0067
08/01/2018;0.0027
09/01/2018;-0.0101
10/01/2018;-0.0089
11/01/2018;-0.0091
12/01/2018;-0.0003
13/01/2018;0.0164
14/01/2018;0.0189
15/01/2018;-0.0005
16/01/2018;-0.0043
17/01/2018;-0.0030
18/01/2018;-0.0074
19/01/2018;0.0189
20/01/2018;0.0023
21/01/2018;0.0051
22/01/2018;0.0006
23/01/2018;0.0004
24/01/2018;0.0022
25/01/2018;-0.0013
26/01/2018;-0.0001
27/01/2018;0.0011
28/01/2018;0.0071
29/01/2018;0.0019
30/01/2018;0.0000
31/01/2018;-0.0035
01/02/2018;0.0002
02/02/2018;-0.0081
03/02/2018;0.0064
04/02/2018;-0.0005
05/02/2018;-0.0008
06/02/2018;0.0008
07/02/2018;-0.0078
08/02/2018;0.0051
09/02/2018;
10/02/2018;-0.0012
11/02/2018;-0.0011
12/02/2018;0.0202
13/02/2018;0.0040
14/02/2018;-0.0062
15/02/2018;0.0031
16/02/2018;0.0021
17/02/2018;0.0162
18/02/2018;0.0040
19/02/2018;-0.0031
20/02/2018;-0.0013
21/02/2018;0.0012
22/02/2018;-0.0005
23/02/2018;-0.0001
24/02/2018;-0.0022
25/02/2018;-0.0106
26/02/2018;-0.0058
27/02/2018;0.0096
28/02/2018;-0.0045
01/03/2018;0.0026
02/03/2018;0.0009
03/03/2018;0.0036
04/03/2018;0.0071
05/03/2018;-0.0003
06/03/2018;-0.0035
07/03/2018;-0.0099
08/03/2018;-0.0062
09/03/2018;0.0002
10/03/2018;-0.0030
11/03/2018;0.0080
12/03/2018;0.0102
13/03/2018;0.0041
14/03/2018;-0.0024
15/03/2018;-0.0167
16/03/2018;0.0004
17/03/2018;-0.0145
18/03/2018;-0.0031
19/03/2018;0.0030
20/03/2018;-0.0007
21/03/2018;
22/03/2018;
23/03/2018;0.0002
24/03/2018;0.0109
25/03/2018;-0.0094
26/03/2018;0.0022
27/03/2018;0.0078
28/03/2018;-0.0240
29/03/2018;-0.0123
30/03/2018;0.0017
31/03/2018;0.0001
01/04/2018;-0.0040
02/04/2018;-0.0139
03/04/2018;-0.0016
04/04/2018;0.0048
05/04/2018;0.0197
06/04/2018;0.0007
07/04/2018;0.0023
08/04/2018;
09/04/2018;0.0129
10/04/2018;-0.0020
11/04/2018;-0.0052
12/04/2018;0.0078
13/04/2018;0.0043
14/04/2018;0.0002
15/04/2018;-0.0048
16/04/2018;-0.0017
17/04/2018;0.0016
18/04/2018;0.0033
19/04/2018;0.0029
20/04/2018;0.0003
21/04/2018;0.0065
22/04/2018;0.0004
23/04/2018;-0.0063
24/04/2018;-0.0041
25/04/2018;0.0118
26/04/2018;0.0114
27/04/2018;-0.0076
28/04/2018;0.0055
29/04/2018;-0.0094
30/04/2018;-0.0024
01/05/2018;-0.0048
02/05/2018;-0.0012
03/05/2018;-0.0111
04/05/2018;0.0168
05/05/2018;0.0251
06/05/2018;-0.0021
07/05/2018;0.0049
08/05/2018;-0.0031
09/05/2018;-0.0032
10/05/2018;0.0027
11/05/2018;0.0076
12/05/2018;0.0000
13/05/2018;-0.0009
14/05/2018;0.0011
15/05/2018;0.0002
16/05/2018;0.0056
17/05/2018;0.0034
18/05/2018;0.0044
19/05/2018;0.0015
20/05/2018;0.0000
21/05/2018;0.0054
22/05/2018;-0.0019
23/05/2018;0.0051
24/05/2018;-0.0039
25/05/2018;-0.0026
26/05/2018;0.0100
27/05/2018;-0.0116
28/05/2018;0.0104
29/05/2018;0.0005
30/05/2018;-0.0018
31/05/2018;0.0056
01/06/2018;-0.0006
02/06/2018;0.0016
03/06/2018;0.0006
04/06/2018;0.0007
05/06/2018;-0.0010
06/06/2018;0.0073
07/06/2018;-0.0125
08/06/2018;-0.0063
09/06/2018;0.0087
10/06/2018;-0.0185
11/06/2018;0.0061
12/06/2018;0.0126
13/06/2018;-0.0009
14/06/2018;0.0023
15/06/2018;0.0046
16/06/2018;0.0095
17/06/2018;0.0011
18/06/2018;0.0018
19/06/2018;0.0045
20/06/2018;0.0032
21/06/2018;-0.0024
22/06/2018;0.0013
23/06/2018;0.0056
24/06/2018;-0.0016
25/06/2018;-0.0055
26/06/2018;-0.0024
27/06/2018;0.0067
28/06/2018;-0.0083
29/06/2018;0.0071
30/06/2018;-0.0033
01/07/2018;0.0078
02/07/2018;-0.0006
03/07/2018;0.0040
04/07/2018;-0.0045
05/07/2018;0.0052
06/07/2018;-0.0106
07/07/2018;0.0040
08/07/2018;-0.0043
09/07/2018;0.0063
10/07/2018;0.0035
11/07/2018;0.0121
12/07/2018;0.0035
13/07/2018;-0.0028
14/07/2018;-0.0232
15/07/2018;0.0142
16/07/2018;-0.0144
17/07/2018;-0.0067
18/07/2018;0.0088
19/07/2018;0.0047
20/07/2018;0.0104
21/07/2018;0.0000
22/07/2018;0.0040
23/07/2018;-0.0018
24/07/2018;0.0072
25/07/2018;0.0025
26/07/2018;-0.0094
27/07/2018;0.0094
28/07/2018;0.0105
29/07/2018;0.0019
30/07/2018;0.0052
31/07/2018;0.0041
01/08/2018;-0.0037
02/08/2018;0.0043
03/08/2018;0.0000
04/08/2018;0.0101
05/08/2018;0.0051
06/08/2018;-0.0050
07/08/2018;0.0102
08/08/2018;-0.0007
09/08/2018;0.0017
10/08/2018;-0.0083
11/08/2018;-0.0029
12/08/2018;-0.0006
13/08/2018;0.0063
14/08/2018;-0.0071
15/08/2018;0.0037
16/08/2018;-0.0144
17/08/2018;0.0059
18/08/2018;-0.0055
19/08/2018;-0.0139
20/08/2018;0.0085
21/08/2018;0.0127
22/08/2018;-0.0003
23/08/2018;-0.0102
24/08/2018;-0.0084
25/08/2018;0.0147
26/08/2018;-0.0059
27/08/2018;0.0075
28/08/2018;0.0078
29/08/2018;-0.0139
30/08/2018;-0.0253
31/08/2018;0.0027
01/09/2018;-0.0122
02/09/2018;0.0095
03/09/2018;0.0095
04/09/2018;0.0062
05/09/2018;-0.0043
06/09/2018;0.0054
07/09/2018;-0.0005
08/09/2018;0.0008
09/09/2018;0.0102
10/09/2018;0.0052
11/09/2018;0.0072
12/09/2018;0.0002
13/09/2018;0.0135
14/09/2018;0.0031
15/09/2018;0.0014
16/09/2018;-0.0037
17/09/2018;0.0028
18/09/2018;0.0050
19/09/2018;0.0016
20/09/2018;0.0020
21/09/2018;-0.0019
22/09/2018;-0.0038
23/09/2018;0.0026
24/09/2018;0.0008
25/09/2018;-0.0037
26/09/2018;0.0004
27/09/2018;-0.0001
28/09/2018;0.0125
29/09/2018;0.0016
30/09/2018;-0.0015
01/10/2018;-0.0057
02/10/2018;-0.0038
03/10/2018;0.0039
04/10/2018;-0.0036
05/10/2018;-0.0012
06/10/2018;0.0028
07/10/2018;-0.0052
08/10/2018;-0.0144
09/10/2018;-0.0033
10/10/2018;-0.0059
11/10/2018;0.0038
12/10/2018;-0.0058
13/10/2018;0.0086
14/10/2018;0.0039
15/10/2018;-0.0040
16/10/2018;-0.0160
17/10/2018;0.0027
18/10/2018;0.0020
19/10/2018;-0.0032
20/10/2018;0.0042
21/10/2018;0.0081
22/10/2018;0.0012
23/10/2018;0.0001
24/10/2018;0.0099
25/10/2018;0.0073
26/10/2018;0.0030
27/10/2018;-0.0034
28/10/2018;0.0027
29/10/2018;0.0057
30/10/2018;0.0042
31/10/2018;0.0121
01/11/2018;-0.0018
02/11/2018;-0.0072
03/11/2018;-0.0047
04/11/2018;-0.0026
05/11/2018;-0.0027
06/11/2018;0.0035
07/11/2018;-0.0041
08/11/2018;-0.0060
09/11/2018;0.0080
10/11/2018;-0.0007
11/11/2018;-0.0090
12/11/2018;0.0070
13/11/2018;-0.0085
14/11/2018;-0.0124
15/11/2018;0.0006
16/11/2018;0.0216
17/11/2018;0.0063
18/11/2018;0.0041
19/11/2018;-0.0071
20/11/2018;0.0137
21/11/2018;0.0067
22/11/2018;0.0065
23/11/2018;0.0001
24/11/2018;0.0057
25/11/2018;-0.0047
26/11/2018;0.0033
27/11/2018;0.0044
28/11/2018;0.0013
29/11/2018;0.0056
30/11/2018;-0.0049
01/12/2018;-0.0038
02/12/2018;0.0029
03/12/2018;0.0036
04/12/2018;-0.0028
05/12/2018;0.0043
06/12/2018;-0.0133
07/12/2018;0.0133
08/12/2018;0.0007
09/12/2018;-0.0024
10/12/2018;0.0081
11/12/2018;0.0048
12/12/2018;0.0042
13/12/2018;-0.0037
14/12/2018;-0.0020
15/12/2018;-0.0036
16/12/2018;0.0081
17/12/2018;0.0049
18/12/2018;-0.0013
19/12/2018;0.0001
20/12/2018;0.0025
21/12/2018;
22/12/2018;-0.0008
23/12/2018;-0.0027
24/12/2018;-0.0032
25/12/2018;-0.0013
26/12/2018;-0.0043
27/12/2018;0.0112
28/12/2018;0.0018
29/12/2018;-0.0032
30/12/2018;-0.0114
31/12/2018;-0.0038
01/01/2019;-0.0001
02/01/2019;0.0063
03/01/2019;-0.0031
04/01/2019;0.0165
05/01/2019;-0.0006
06/01/2019;0.0048
07/01/2019;0.0053
08/01/2019;0.0029
09/01/2019;0.0047
10/01/2019;-0.0003
11/01/2019;-0.0002
12/01/2019;0.0040
13/01/2019;-0.0089
14/01/2019;-0.0003
15/01/2019;-0.0025
16/01/2019;0.0061
17/01/2019;-0.0002
18/01/2019;0.0003
19/01/2019;0.0023
20/01/2019;-0.0127
21/01/2019;0.0108
22/01/2019;0.0052
23/01/2019;-0.0013
24/01/2019;-0.0039
25/01/2019;0.0028
26/01/2019;0.0006
27/01/2019;-0.0089
28/01/2019;-0.0211
29/01/2019;-0.0049
30/01/2019;0.0061
31/01/2019;-0.0103
01/02/2019;0.0112
02/02/2019;-0.0065
03/02/2019;-0.0231
04/02/2019;0.0076
05/02/2019;-0.0020
06/02/2019;0.0124
07/02/2019;0.0132
08/02/2019;0.0016
09/02/2019;0.0110
10/02/2019;-0.0003
11/02/2019;0.0058
12/02/2019;0.0048
13/02/2019;0.0012
14/02/2019;-0.0065
15/02/2019;0.0060
16/02/2019;-0.0019
17/02/2019;0.0062
18/02/2019;-0.0013
19/02/2019;0.0000
20/02/2019;0.0049
21/02/2019;0.0028
22/02/2019;-0.0074
23/02/2019;0.0152
24/02/2019;-0.0001
25/02/2019;0.0017
26/02/2019;0.0005
27/02/2019;-0.0005
28/02/2019;-0.0051
01/03/2019;0.0003
02/03/2019;-0.0118
03/03/2019;-0.0028
04/03/2019;0.0096
05/03/2019;0.0072
06/03/2019;-0.0062
07/03/2019;0.0060
08/03/2019;-0.0029
09/03/2019;-0.0049
10/03/2019;0.0044
11/03/2019;-0.0070
12/03/2019;-0.0019
13/03/2019;0.0046
14/03/2019;0.0079
15/03/2019;0.0070
16/03/2019;0.0028
17/03/2019;-0.0011
18/03/2019;-0.0126
19/03/2019;-0.0108
20/03/2019;0.0037
21/03/2019;0.0109
22/03/2019;-0.0211
23/03/2019;-0.0095
24/03/2019;0.0082
25/03/2019;0.0067
26/03/2019;0.0104
27/03/2019;0.0014
28/03/2019;0.0038
29/03/2019;0.0041
30/03/2019;-0.0022
31/03/2019;0.0017
01/04/2019;-0.0081
02/04/2019;0.0032
03/04/2019;0.0047
04/04/2019;0.0030
05/04/2019;-0.0001
06/04/2019;-0.0013
07/04/2019;0.0019
08/04/2019;-0.0090
09/04/2019;0.0056
10/04/2019;-0.0014
11/04/2019;0.0015
12/04/2019;0.0096
13/04/2019;0.0004
14/04/2019;-0.0047
15/04/2019;-0.0094
16/04/2019;0.0037
17/04/2019;0.0038
18/04/2019;-0.0065
19/04/2019;0.0081
20/04/2019;0.0024
21/04/2019;0.0042
22/04/2019;0.0060
23/04/2019;-0.0011
24/04/2019;0.0054
25/04/2019;0.0018
26/04/2019;0.0007
27/04/2019;-0.0004
28/04/2019;0.0019
29/04/2019;0.0065
30/04/2019;0.0046
01/05/2019;0.0009
02/05/2019;-0.0002
03/05/2019;-0.0035
04/05/2019;-0.0071
05/05/2019;0.0031
06/05/2019;0.0008
07/05/2019;0.0022
08/05/2019;0.0077
09/05/2019;0.0013
10/05/2019;0.0017
11/05/2019;-0.0001
12/05/2019;-0.0065
13/05/2019;0.0049
14/05/2019;-0.0012
15/05/2019;0.0019
16/05/2019;-0.0004
17/05/2019;0.0067
18/05/2019;0.0007
19/05/2019;0.0055
20/05/2019;-0.0039
21/05/2019;-0.0071
22/05/2019;0.0046
23/05/2019;-0.0041
24/05/2019;0.0015
25/05/2019;0.0048
26/05/2019;-0.0019
27/05/2019;0.0042
28/05/2019;-0.0119
29/05/2019;0.0102
30/05/2019;-0.0023
31/05/2019;0.0050
01/06/2019;0.0018
02/06/2019;0.0005
03/06/2019;-0.0049
04/06/2019;0.0003
05/06/2019;-0.0045
06/06/2019;0.0001
07/06/2019;-0.0202
08/06/2019;-0.0029
09/06/2019;0.0072
10/06/2019;-0.0097
11/06/2019;0.0000
12/06/2019;-0.0056
13/06/2019;0.0115
14/06/2019;0.0028
15/06/2019;-0.0016
16/06/2019;0.0067
17/06/2019;0.0043
18/06/2019;-0.0001
19/06/2019;0.0085
20/06/2019;0.0050
21/06/2019;0.0025
22/06/2019;0.0029
23/06/2019;-0.0020
24/06/2019;0.0048
25/06/2019;0.0011
26/06/2019;0.0000
27/06/2019;-0.0017
28/06/2019;0.0033
29/06/2019;-0.0005
30/06/2019;-0.0008
01/07/2019;-0.0015
02/07/2019;0.0050
03/07/2019;-0.0031
04/07/2019;-0.0066
05/07/2019;0.0036
06/07/2019;0.0009
07/07/2019;-0.0060
08/07/2019;-0.0007
09/07/2019;0.0075
10/07/2019;0.0013
11/07/2019;0.0049
12/07/2019;-0.0005
13/07/2019;-0.0080
14/07/2019;-0.0058
15/07/2019;0.0078
16/07/2019;-0.0163
17/07/2019;0.0085
18/07/2019;-0.0026
19/07/2019;-0.0028
20/07/2019;-0.0133
21/07/2019;0.0000
22/07/2019;0.0111
23/07/2019;-0.0016
24/07/2019;-0.0152
25/07/2019;0.0173
26/07/2019;-0.0209
27/07/2019;-0.0115
28/07/2019;-0.0166
29/07/2019;0.0016
30/07/2019;-0.0081
31/07/2019;0.0001
01/08/2019;0.0128
02/08/2019;0.0091
03/08/2019;0.0194
04/08/2019;-0.0073
05/08/2019;0.0122
06/08/2019;0.0070
07/08/2019;-0.0015
08/08/2019;0.0119
09/08/2019;-0.0014
10/08/2019;0.0062
11/08/2019;0.0117
12/08/2019;-0.0001
13/08/2019;-0.0028
14/08/2019;0.0057
15/08/2019;0.0038
16/08/2019;0.0003
17/08/2019;0.0031
18/08/2019;0.0007
19/08/2019;-0.0007
20/08/2019;0.0005
21/08/2019;0.0002
22/08/2019;0.0007
23/08/2019;0.0051
24/08/2019;-0.0015
25/08/2019;0.0020
26/08/2019;0.0052
27/08/2019;0.0029
28/08/2019;-0.0012
29/08/2019;0.0028
30/08/2019;-0.0025
31/08/2019;-0.0069
01/09/2019;0.0064
02/09/2019;0.0038
03/09/2019;-0.0012
04/09/2019;0.0017
05/09/2019;-0.0073
06/09/2019;-0.0002
07/09/2019;-0.0165
08/09/2019;0.0045
09/09/2019;-0.0163
10/09/2019;-0.0064
11/09/2019;-0.0085
12/09/2019;0.0201
13/09/2019;0.0237
14/09/2019;0.0046
15/09/2019;0.0038
16/09/2019;0.0017
17/09/2019;-0.0001
18/09/2019;0.0033
19/09/2019;0.0009
20/09/2019;-0.0049
21/09/2019;-0.0104
22/09/2019;-0.0003
23/09/2019;-0.0184
24/09/2019;-0.0089
25/09/2019;0.0116
26/09/2019;0.0177
27/09/2019;-0.0084
28/09/2019;-0.0081
29/09/2019;-0.0026
30/09/2019;-0.0058
01/10/2019;-0.0093
02/10/2019;0.0133
03/10/2019;0.0015
04/10/2019;0.0047
05/10/2019;0.0152
06/10/2019;-0.0055
07/10/2019;0.0026
08/10/2019;-0.0135
09/10/2019;-0.0136
10/10/2019;0.0095
11/10/2019;-0.0131
12/10/2019;0.0129
13/10/2019;0.0143
14/10/2019;-0.0042
15/10/2019;0.0102
16/10/2019;-0.0034
17/10/2019;-0.0043
18/10/2019;0.0106
19/10/2019;0.0000
20/10/2019;0.0096
21/10/2019;0.0041
22/10/2019;0.0016
23/10/2019;-0.0003
24/10/2019;-0.0011
25/10/2019;0.0061
26/10/2019;-0.0003
27/10/2019;0.0028
28/10/2019;-0.0008
29/10/2019;-0.0015
30/10/2019;-0.0030
31/10/2019;0.0061
01/11/2019;-0.0045
02/11/2019;-0.0044
03/11/2019;0.0012
04/11/2019;-0.0143
05/11/2019;0.0039
06/11/2019;-0.0171
07/11/2019;-0.0019
08/11/2019;0.0125
09/11/2019;-0.0061
10/11/2019;0.0134
11/11/2019;-0.0033
12/11/2019;0.0121
13/11/2019;-0.0049
14/11/2019;0.0090
15/11/2019;-0.0017
16/11/2019;-0.0062
17/11/2019;-0.0147
18/11/2019;-0.0024
19/11/2019;0.0024
20/11/2019;0.0122
21/11/2019;-0.0088
22/11/2019;-0.0040
23/11/2019;0.0035
24/11/2019;0.0066
25/11/2019;-0.0021
26/11/2019;0.0027
27/11/2019;0.0044
28/11/2019;0.0052
29/11/2019;-0.0046
30/11/2019;0.0016
01/12/2019;0.0051
02/12/2019;-0.0008
03/12/2019;-0.0114
04/12/2019;0.0092
05/12/2019;-0.0015
06/12/2019;0.0051
07/12/2019;0.0024
08/12/2019;0.0023
09/12/2019;-0.0041
10/12/2019;0.0028
11/12/2019;-0.0037
12/12/2019;-0.0102
13/12/2019;0.0109
14/12/2019;0.0029
15/12/2019;-0.0119
16/12/2019;-0.0045
17/12/2019;0.0038
18/12/2019;0.0134
19/12/2019;-0.0051
20/12/2019;-0.0030
21/12/2019;-0.0003
22/12/2019;0.0107
23/12/2019;0.0008
24/12/2019;0.0030
25/12/2019;-0.0006
26/12/2019;-0.0009
27/12/2019;0.0023
28/12/2019;-0.0022
29/12/2019;-0.0103
30/12/2019;0.0091
31/12/2019;-0.0013
01/01/2020;-0.0063
02/01/2020;0.0021
03/01/2020;-0.0010
04/01/2020;0.0021
05/01/2020;-0.0087
06/01/2020;-0.0014
07/01/2020;-0.0065
08/01/2020;0.0004
09/01/2020;0.0120
10/01/2020;0.0017
11/01/2020;-0.0070
12/01/2020;-0.0046
13/01/2020;0.0057
14/01/2020;0.0020
15/01/2020;0.0099
16/01/2020;-0.0053
17/01/2020;0.0061
18/01/2020;0.0006
19/01/2020;-0.0074
20/01/2020;-0.0030
21/01/2020;-0.0004
22/01/2020;-0.0211
23/01/2020;0.0027
24/01/2020;0.0069
25/01/2020;-0.0003
26/01/2020;-0.0039
27/01/2020;0.0061
28/01/2020;-0.0168
29/01/2020;0.0023
30/01/2020;0.0123
31/01/2020;0.0110
01/02/2020;0.0044
02/02/2020;-0.0007
03/02/2020;0.0080
04/02/2020;0.0011
05/02/2020;0.0008
06/02/2020;-0.0043
07/02/2020;-0.0024
08/02/2020;-0.0057
09/02/2020;-0.0108
10/02/2020;-0.0058
11/02/2020;0.0123
12/02/2020;0.0073
13/02/2020;0.0000
14/02/2020;-0.0023
15/02/2020;-0.0028
16/02/2020;-0.0023
17/02/2020;0.0031
18/02/2020;-0.0078
19/02/2020;-0.0029
20/02/2020;0.0127
21/02/2020;-0.0096
22/02/2020;0.0009
23/02/2020;-0.0013
24/02/2020;0.0039
25/02/2020;0.0052
26/02/2020;-0.0026
27/02/2020;-0.0083
28/02/2020;-0.0213
29/02/2020;-0.0324
01/03/2020;-0.0402
02/03/2020;-0.0136
03/03/2020;0.0383
04/03/2020;0.0240
05/03/2020;0.0006
06/03/2020;-0.0084
07/03/2020;-0.0300
08/03/2020;0.0181
09/03/2020;0.0012
10/03/2020;-0.0154
11/03/2020;0.0248
12/03/2020;-0.0140
13/03/2020;0.0053
14/03/2020;0.0045
15/03/2020;-0.0041
16/03/2020;0.0127
17/03/2020;0.0087
18/03/2020;-0.0026
19/03/2020;-0.0163
20/03/2020;0.0046
21/03/2020;-0.0124
22/03/2020;-0.0021
23/03/2020;-0.0034
24/03/2020;-0.0005
25/03/2020;-0.0260
26/03/2020;0.0012
27/03/2020;0.0189
28/03/2020;0.0020
29/03/2020;0.0142
30/03/2020;0.0181
31/03/2020;-0.0036
01/04/2020;0.0080
02/04/2020;0.0088
03/04/2020;0.0007
04/04/2020;0.0013
05/04/2020;-0.0068
06/04/2020;-0.0047
07/04/2020;0.0147
08/04/2020;0.0046
09/04/2020;0.0003
10/04/2020;-0.0014
11/04/2020;-0.0058
12/04/2020;0.0165
13/04/2020;0.0110
14/04/2020;-0.0019
15/04/2020;-0.0026
16/04/2020;0.0118
17/04/2020;-0.0004
18/04/2020;-0.0048
19/04/2020;0.0118
20/04/2020;0.0027
21/04/2020;-0.0036
22/04/2020;-0.0011
23/04/2020;-0.0003
24/04/2020;-0.0099
25/04/2020;0.0015
26/04/2020;-0.0032
27/04/2020;-0.0141
28/04/2020;-0.0113
29/04/2020;0.0148
30/04/2020;-0.0013
01/05/2020;0.0160
02/05/2020;-0.0011
03/05/2020;0.0038
04/05/2020;-0.0012
05/05/2020;0.0012
06/05/2020;-0.0001
07/05/2020;0.0006
08/05/2020;-0.0047
09/05/2020;0.0106
10/05/2020;-0.0111
11/05/2020;-0.0145
12/05/2020;0.0203
13/05/2020;-0.0070
14/05/2020;-0.0065
15/05/2020;-0.0078
16/05/2020;0.0022
17/05/2020;-0.0196
18/05/2020;0.0047
19/05/2020;0.0106
20/05/2020;0.0144
21/05/2020;-0.0152
22/05/2020;-0.0180
23/05/2020;0.0077
24/05/2020;0.0088
25/05/2020;0.0123
26/05/2020;-0.0016
27/05/2020;-0.0022
28/05/2020;0.0106
29/05/2020;-0.0072
30/05/2020;-0.0095
31/05/2020;-0.0154
01/06/2020;0.0020
02/06/2020;-0.0132
03/06/2020;-0.0240
04/06/2020;-0.0109
05/06/2020;0.0009
06/06/2020;0.0078
07/06/2020;-0.0253
08/06/2020;0.0166
09/06/2020;-0.0218
10/06/2020;0.0005
11/06/2020;-0.0118
12/06/2020;0.0052
13/06/2020;0.0201
14/06/2020;-0.0158
15/06/2020;0.0140
16/06/2020;-0.0109
17/06/2020;0.0055
18/06/2020;0.0245
19/06/2020;-0.0004
20/06/2020;-0.0189
21/06/2020;0.0050
22/06/2020;0.0015
23/06/2020;-0.0187
24/06/2020;-0.0143
25/06/2020;-0.0007
26/06/2020;-0.0002
27/06/2020;-0.0124
28/06/2020;0.0193
29/06/2020;0.0164
30/06/2020;0.0163
01/07/2020;-0.0047
02/07/2020;0.0000
03/07/2020;0.0144
04/07/2020;-0.0125
05/07/2020;0.0044
06/07/2020;0.0113
07/07/2020;-0.0019
08/07/2020;-0.0082
09/07/2020;0.0236
10/07/2020;0.0041
11/07/2020;0.0035
12/07/2020;0.0033
13/07/2020;0.0009
14/07/2020;-0.0113
15/07/2020;0.0050
16/07/2020;0.0002
17/07/2020;0.0163
18/07/2020;-0.0013
19/07/2020;-0.0018
20/07/2020;0.0056
21/07/2020;0.0066
22/07/2020;0.0044
23/07/2020;0.0010
24/07/2020;-0.0009
25/07/2020;-0.0064
26/07/2020;-0.0004
27/07/2020;0.0005
28/07/2020;0.0088
29/07/2020;0.0043
30/07/2020;-0.0020
31/07/2020;0.0063
01/08/2020;-0.0032
02/08/2020;-0.0102
03/08/2020;0.0105
04/08/2020;-0.0120
05/08/2020;0.0028
06/08/2020;-0.0027
07/08/2020;0.0096
08/08/2020;0.0100
09/08/2020;0.0002
10/08/2020;-0.0010
11/08/2020;0.0065
12/08/2020;0.0031
13/08/2020;0.0008
14/08/2020;-0.0052
15/08/2020;0.0000
16/08/2020;-0.0018
17/08/2020;0.0019
18/08/2020;0.0016
19/08/2020;-0.0093
20/08/2020;-0.0051
21/08/2020;0.0078
22/08/2020;-0.0087
23/08/2020;-0.0060
24/08/2020;-0.0002
25/08/2020;0.0032
26/08/2020;0.0008
27/08/2020;0.0124
28/08/2020;-0.0096
29/08/2020;-0.0002
30/08/2020;-0.0085
31/08/2020;0.0097
01/09/2020;-0.0095
02/09/2020;0.0002
03/09/2020;-0.0037
04/09/2020;0.0060
05/09/2020;-0.0021
06/09/2020;0.0136
07/09/2020;0.0070
08/09/2020;-0.0002
09/09/2020;0.0043
10/09/2020;
11/09/2020;-0.0010
12/09/2020;0.0011
13/09/2020;0.0028
14/09/2020;-0.0029
15/09/2020;0.0049
16/09/2020;0.0013
17/09/2020;0.0033
18/09/2020;-0.0017
19/09/2020;-0.0092
20/09/2020;-0.0081
21/09/2020;-0.0018
22/09/2020;-0.0018
23/09/2020;0.0031
24/09/2020;-0.0033
25/09/2020;0.0058
26/09/2020;0.0027
27/09/2020;-0.0017
28/09/2020;0.0133
29/09/2020;-0.0366
30/09/2020;-0.0183
01/10/2020;0.0176
02/10/2020;0.0169
03/10/2020;0.0135
04/10/2020;0.0019
05/10/2020;-0.0069
06/10/2020;0.0053
07/10/2020;-0.0009
08/10/2020;0.0151
09/10/2020;0.0034
10/10/2020;0.0070
11/10/2020;0.0001
12/10/2020;0.0052
13/10/2020;-0.0009
14/10/2020;0.0024
15/10/2020;-0.0014
16/10/2020;0.0043
17/10/2020;-0.0036
18/10/2020;0.0045
19/10/2020;-0.0030
20/10/2020;0.0003
21/10/2020;-0.0012
22/10/2020;0.0016
23/10/2020;0.0016
24/10/2020;-0.0013
25/10/2020;-0.0064
26/10/2020;0.0031
27/10/2020;0.0002
28/10/2020;0.0086
29/10/2020;-0.0009
30/10/2020;0.0004
31/10/2020;-0.0029
01/11/2020;0.0047
02/11/2020;-0.0008
03/11/2020;0.0028
04/11/2020;-0.0055
05/11/2020;0.0019
06/11/2020;0.0022
07/11/2020;-0.0014
08/11/2020;-0.0006
09/11/2020;0.0019
10/11/2020;-0.0053
11/11/2020;-0.0014
12/11/2020;-0.0016
13/11/2020;0.0052
14/11/2020;-0.0020
15/11/2020;-0.0024
16/11/2020;0.0000
17/11/2020;0.0042
18/11/2020;0.0030
19/11/2020;-0.0001
20/11/2020;-0.0022
21/11/2020;-0.0248
22/11/2020;0.0146
23/11/2020;-0.0149
24/11/2020;-0.0006
25/11/2020;0.0101
26/11/2020;-0.0038
27/11/2020;0.0000
28/11/2020;0.0003
29/11/2020;0.0109
30/11/2020;0.0065
01/12/2020;-0.0058
02/12/2020;-0.0086
03/12/2020;0.0064
04/12/2020;0.0053
05/12/2020;-0.0094
06/12/2020;0.0079
07/12/2020;-0.0033
08/12/2020;-0.0050
09/12/2020;0.0043
10/12/2020;0.0005
11/12/2020;-0.0033
12/12/2020;0.0046
13/12/2020;-0.0125
14/12/2020;0.0011
15/12/2020;-0.0031
16/12/2020;0.0002
17/12/2020;-0.0030
18/12/2020;0.0061
19/12/2020;0.0022
20/12/2020;-0.0014
21/12/2020;-0.0001
22/12/2020;0.0047
23/12/2020;-0.0038
24/12/2020;-0.0017
25/12/2020;-0.0030
26/12/2020;-0.0031
27/12/2020;-0.0001
28/12/2020;-0.0068
29/12/2020;-0.0065
30/12/2020;-0.0044
31/12/2020;-0.0017
