Date;Rate
01/04/2020;0.0219744
02/04/2020;0.0230509
03/04/2020;0.0257077
06/04/2020;0.0262822
07/04/2020;0.0255702
08/04/2020;0.0259938
09/04/2020;0.0231063
10/04/2020;0.0231202
13/04/2020;0.0226977
14/04/2020;0.0119531
15/04/2020;0.0124755
16/04/2020;0.0139736
17/04/2020;0.0135616
20/04/2020;0.013466
21/04/2020;0.0136801
22/04/2020;0.0140326
23/04/2020;0.0141337
24/04/2020;0.014156
27/04/2020;0.0142848
28/04/2020;0.0144023
29/04/2020;0.0138167
30/04/2020;0.0135348
01/05/2020;0.0134848
04/05/2020;0.0134921
05/05/2020;0.0135008
06/05/2020;0.0137881
07/05/2020;0.0140685
08/05/2020;0.0142508
11/05/2020;0.0141459
12/05/2020;0.014227
13/05/2020;0.0150055
14/05/2020;0.0143627
15/05/2020;0.0141904
18/05/2020;0.0125934
19/05/2020;0.0126193
20/05/2020;0.0115038
21/05/2020;0.0108149
22/05/2020;0.0107323
25/05/2020;0.0106903
26/05/2020;0.0098686
27/05/2020;0.0099841
28/05/2020;0.009813
29/05/2020;0.0099331
01/06/2020;0.0100901
02/06/2020;0.0098548
03/06/2020;0.0093266
04/06/2020;0.0091825
05/06/2020;0.009497
08/06/2020;0.0091148
09/06/2020;0.0091038
10/06/2020;0.0086605
11/06/2020;0.0089959
12/06/2020;0.0089836
15/06/2020;0.0096641
16/06/2020;0.0093693
17/06/2020;0.0094548
18/06/2020;0.0091453
19/06/2020;0.0090953
22/06/2020;0.0090101
23/06/2020;0.009192
24/06/2020;0.0089072
25/06/2020;0.0088361
26/06/2020;0.0091345
29/06/2020;0.0094801
30/06/2020;0.0095404
01/07/2020;0.0095702
02/07/2020;0.0090965
03/07/2020;0.0098776
06/07/2020;0.0099391
07/07/2020;0.0099394
08/07/2020;0.0096256
09/07/2020;0.0094064
10/07/2020;0.0093138
13/07/2020;0.0089218
14/07/2020;0.0092125
15/07/2020;0.0090409
16/07/2020;0.0088207
17/07/2020;0.0090533
20/07/2020;0.0085725
21/07/2020;0.0086921
22/07/2020;0.0084905
23/07/2020;0.0079426
24/07/2020;0.0078025
27/07/2020;0.0075347
28/07/2020;0.007435
29/07/2020;0.007144
30/07/2020;0.0062243
31/07/2020;0.0056336
03/08/2020;0.0055067
04/08/2020;0.0052757
05/08/2020;0.0049068
06/08/2020;0.0049892
07/08/2020;0.0054998
10/08/2020;0.0057351
11/08/2020;0.0064462
12/08/2020;0.0067932
13/08/2020;0.006798
14/08/2020;0.0070167
17/08/2020;0.0071823
18/08/2020;0.007261
19/08/2020;0.007268
20/08/2020;0.0072839
21/08/2020;0.0073876
24/08/2020;0.0071992
25/08/2020;0.0072731
26/08/2020;0.0073332
27/08/2020;0.0073636
28/08/2020;0.0071425
31/08/2020;0.0072555
01/09/2020;0.0065673
02/09/2020;0.0065812
03/09/2020;0.0064872
04/09/2020;0.0063148
07/09/2020;0.006296
08/09/2020;0.0064032
09/09/2020;0.006457
10/09/2020;0.0065324
11/09/2020;0.0071472
14/09/2020;0.0069455
15/09/2020;0.006904
16/09/2020;0.006933
17/09/2020;0.0069842
18/09/2020;0.0069269
21/09/2020;0.0067961
22/09/2020;0.0074837
23/09/2020;0.0079187
24/09/2020;0.0077391
25/09/2020;0.0076476
28/09/2020;0.0072947
29/09/2020;0.0073973
30/09/2020;0.0073723
01/10/2020;0.0073635
02/10/2020;0.0073451
05/10/2020;0.0071657
06/10/2020;0.0071043
07/10/2020;0.006949
08/10/2020;0.0062458
09/10/2020;0.0064367
12/10/2020;0.0065837
13/10/2020;0.0064886
14/10/2020;0.006373
15/10/2020;0.0059876
16/10/2020;0.0064386
19/10/2020;0.0064399
20/10/2020;0.0067845
21/10/2020;0.0067343
22/10/2020;0.0068133
23/10/2020;0.0068307
26/10/2020;0.0067956
27/10/2020;0.0069765
28/10/2020;0.0069175
29/10/2020;0.0072545
30/10/2020;0.0070771
02/11/2020;0.0070513
03/11/2020;0.0067994
04/11/2020;0.0061737
05/11/2020;0.006241
06/11/2020;0.0071373
09/11/2020;0.0071484
10/11/2020;0.0064109
11/11/2020;0.0060985
12/11/2020;0.0058448
13/11/2020;0.0054045
16/11/2020;0.0061764
17/11/2020;0.0062049
18/11/2020;0.0062373
19/11/2020;0.0058721
20/11/2020;0.0056391
23/11/2020;0.0059756
24/11/2020;0.0060028
25/11/2020;0.0054106
26/11/2020;0.0060048
27/11/2020;0.0065998
30/11/2020;0.0069619
01/12/2020;0.0067712
02/12/2020;0.0065554
03/12/2020;0.0064629
04/12/2020;0.0063336
07/12/2020;0.0065297
08/12/2020;0.0065356
09/12/2020;0.0064701
10/12/2020;0.0064582
11/12/2020;0.0065148
14/12/2020;0.0063817
15/12/2020;0.0060794
16/12/2020;0.0055884
17/12/2020;0.0054969
18/12/2020;0.0055113
21/12/2020;0.005376
22/12/2020;0.0054756
23/12/2020;0.0052469
24/12/2020;0.0053136
28/12/2020;0.0053311
29/12/2020;0.0055235
30/12/2020;0.0055498
31/12/2020;0.0050899
04/01/2021;0.0053138
05/01/2021;0.0054655
06/01/2021;0.0056337
07/01/2021;0.005994
08/01/2021;0.005736
11/01/2021;0.0064177
12/01/2021;0.0065761
13/01/2021;0.0061465
14/01/2021;0.0063777
15/01/2021;0.0063445
18/01/2021;0.0063617
19/01/2021;0.0062813
20/01/2021;0.0060506
21/01/2021;0.0061749
22/01/2021;0.0059202
25/01/2021;0.0057118
26/01/2021;0.0057133
27/01/2021;0.0056191
28/01/2021;0.0056382
29/01/2021;0.0056638
01/02/2021;0.0060487
02/02/2021;0.0060197
03/02/2021;0.0062209
04/02/2021;0.0065146
05/02/2021;0.0065185
08/02/2021;0.0064366
09/02/2021;0.0061656
10/02/2021;0.0061375
11/02/2021;0.0059836
12/02/2021;0.0059367
15/02/2021;0.0057676
16/02/2021;0.006024
17/02/2021;0.0059363
18/02/2021;0.0059476
19/02/2021;0.0058406
22/02/2021;0.0059271
23/02/2021;0.0063916
24/02/2021;0.0063959
25/02/2021;0.0063489
26/02/2021;0.0065561
01/03/2021;0.0068331
02/03/2021;0.007163
03/03/2021;0.0073376
04/03/2021;0.0070693
05/03/2021;0.007727
08/03/2021;0.0093617
09/03/2021;0.0084962
10/03/2021;0.0087297
11/03/2021;0.0088113
12/03/2021;0.008539
15/03/2021;0.008133
16/03/2021;0.0080028
17/03/2021;0.0079849
18/03/2021;0.0080448
19/03/2021;0.0076925
22/03/2021;0.0070567
23/03/2021;0.0069759
24/03/2021;0.0071958
25/03/2021;0.0072248
26/03/2021;0.0070541
29/03/2021;0.0067581
30/03/2021;0.0069358
31/03/2021;0.0066972
01/04/2021;0.0064359
02/04/2021;0.0062672
05/04/2021;0.0061502
06/04/2021;0.0063019
07/04/2021;0.0066866
08/04/2021;0.0067043
09/04/2021;0.0068225
12/04/2021;0.0073427
13/04/2021;0.0076596
14/04/2021;0.0075376
15/04/2021;0.0077361
16/04/2021;0.0077201
19/04/2021;0.0079957
20/04/2021;0.0085682
21/04/2021;0.0097501
22/04/2021;0.0096911
23/04/2021;0.0093457
26/04/2021;0.0094607
27/04/2021;0.0093856
28/04/2021;0.0090868
29/04/2021;0.0088496
30/04/2021;0.0085597
03/05/2021;0.0086067
04/05/2021;0.0088468
05/05/2021;0.0092437
06/05/2021;0.0090653
07/05/2021;0.0087134
10/05/2021;0.0087005
11/05/2021;0.0087639
12/05/2021;0.0085927
13/05/2021;0.0087495
14/05/2021;0.0083995
17/05/2021;0.0083713
18/05/2021;0.0084346
19/05/2021;0.0085224
20/05/2021;0.0085316
21/05/2021;0.008859
24/05/2021;0.0091124
25/05/2021;0.0090047
26/05/2021;0.0087178
27/05/2021;0.0084767
28/05/2021;0.0082786
31/05/2021;0.0082786
01/06/2021;0.0082757
02/06/2021;0.0082835
03/06/2021;0.0079402
04/06/2021;0.0078791
07/06/2021;0.0096367
08/06/2021;0.0090804
09/06/2021;0.0087666
10/06/2021;0.0087404
11/06/2021;0.0082059
14/06/2021;0.0082846
15/06/2021;0.0082107
16/06/2021;0.0079146
17/06/2021;0.0073487
18/06/2021;0.007228
21/06/2021;0.0074076
22/06/2021;0.0076485
23/06/2021;0.0076732
24/06/2021;0.0075007
25/06/2021;0.0075582
28/06/2021;0.0075218
29/06/2021;0.0075653
30/06/2021;0.0075488
01/07/2021;0.0075238
02/07/2021;0.0075571
05/07/2021;0.0076874
06/07/2021;0.0079351
07/07/2021;0.0078967
08/07/2021;0.0081873
09/07/2021;0.0081651
12/07/2021;0.0080728
13/07/2021;0.0079488
14/07/2021;0.0077669
15/07/2021;0.0077155
16/07/2021;0.0076785
19/07/2021;0.007839
20/07/2021;0.0080013
21/07/2021;0.008228
22/07/2021;0.0082701
23/07/2021;0.0083156
26/07/2021;0.0083557
27/07/2021;0.0085153
28/07/2021;0.0084835
29/07/2021;0.0088543
30/07/2021;0.0092222
02/08/2021;0.0089715
03/08/2021;0.0085361
04/08/2021;0.0082028
05/08/2021;0.0079023
06/08/2021;0.0079184
09/08/2021;0.0078601
10/08/2021;0.0083112
11/08/2021;0.0087344
12/08/2021;0.0086876
13/08/2021;0.0087219
16/08/2021;0.0089251
17/08/2021;0.0087576
18/08/2021;0.008423
19/08/2021;0.0081007
20/08/2021;0.0081336
23/08/2021;0.0080347
24/08/2021;0.0076646
25/08/2021;0.0075083
26/08/2021;0.0074832
27/08/2021;0.0075834
30/08/2021;0.0076705
31/08/2021;0.007705
01/09/2021;0.0075638
02/09/2021;0.0076267
03/09/2021;0.0077585
06/09/2021;0.0071102
07/09/2021;0.0076845
08/09/2021;0.0072905
09/09/2021;0.0070652
10/09/2021;0.0070498
13/09/2021;0.0068847
14/09/2021;0.0070035
15/09/2021;0.0067938
16/09/2021;0.0065772
17/09/2021;0.0064251
20/09/2021;0.0063996
21/09/2021;0.0063367
22/09/2021;0.0061334
23/09/2021;0.0059307
24/09/2021;0.0061996
27/09/2021;0.0067762
28/09/2021;0.0069651
29/09/2021;0.007285
30/09/2021;0.0076576
01/10/2021;0.0080255
04/10/2021;0.0081714
05/10/2021;0.0081624
06/10/2021;0.0082183
07/10/2021;0.0078307
08/10/2021;0.0076761
11/10/2021;0.0074941
12/10/2021;0.0075903
13/10/2021;0.0072453
14/10/2021;0.0073201
15/10/2021;0.0070148
18/10/2021;0.0069936
19/10/2021;0.0070814
20/10/2021;0.0072151
21/10/2021;0.0066984
22/10/2021;0.0065374
25/10/2021;0.0067178
26/10/2021;0.0067484
27/10/2021;0.0067127
28/10/2021;0.0072604
29/10/2021;0.0075082
01/11/2021;0.0076969
02/11/2021;0.0079727
03/11/2021;0.0075585
04/11/2021;0.0077162
05/11/2021;0.007861
08/11/2021;0.0072257
09/11/2021;0.007222
10/11/2021;0.0065315
11/11/2021;0.0064755
12/11/2021;0.0066932
15/11/2021;0.006802
16/11/2021;0.0067402
17/11/2021;0.0068194
18/11/2021;0.0068061
19/11/2021;0.006514
22/11/2021;0.0060012
23/11/2021;0.0066622
24/11/2021;0.0063541
25/11/2021;0.0063722
26/11/2021;0.0079822
29/11/2021;0.0075957
30/11/2021;0.0074204
01/12/2021;0.006638
02/12/2021;0.0064501
03/12/2021;0.0069571
06/12/2021;0.0063928
07/12/2021;0.0059527
08/12/2021;0.0063592
09/12/2021;0.0063217
10/12/2021;0.0065773
13/12/2021;0.006672
14/12/2021;0.0066393
15/12/2021;0.0067146
16/12/2021;0.0074741
17/12/2021;0.0073579
20/12/2021;0.0077189
21/12/2021;0.0073625
22/12/2021;0.0072641
23/12/2021;0.0072815
24/12/2021;0.0072573
27/12/2021;0.0071207
28/12/2021;0.0072923
29/12/2021;0.0071839
30/12/2021;0.006979
31/12/2021;0.0073017
03/01/2022;0.0072252
04/01/2022;0.0079066
05/01/2022;0.0081745
06/01/2022;0.0079637
07/01/2022;0.0080794
10/01/2022;0.008094
11/01/2022;0.0081221
12/01/2022;0.0081988
13/01/2022;0.0080365
14/01/2022;0.0076537
17/01/2022;0.0074685
18/01/2022;0.0080554
19/01/2022;0.0080792
20/01/2022;0.0079258
21/01/2022;0.007932
24/01/2022;0.0086395
25/01/2022;0.0083332
26/01/2022;0.0085021
27/01/2022;0.0080781
28/01/2022;0.008454
31/01/2022;0.0087036
01/02/2022;0.0092817
02/02/2022;0.009276
03/02/2022;0.0090871
04/02/2022;0.0088221
07/02/2022;0.0090979
08/02/2022;0.0095684
09/02/2022;0.0097382
10/02/2022;0.0094538
11/02/2022;0.0106073
14/02/2022;0.0108757
15/02/2022;0.0106814
16/02/2022;0.0106843
17/02/2022;0.0110915
18/02/2022;0.0114173
21/02/2022;0.0114294
22/02/2022;0.0115759
23/02/2022;0.011867
24/02/2022;0.012318
25/02/2022;0.0089793
28/02/2022;0.0137818
01/03/2022;0.0139719
02/03/2022;0.0126388
03/03/2022;0.012485
04/03/2022;0.0136571
07/03/2022;0.0136212
08/03/2022;0.0136127
09/03/2022;0.0105906
10/03/2022;0.0131074
11/03/2022;0.0129389
14/03/2022;0.0133296
15/03/2022;0.013346
16/03/2022;0.0130029
17/03/2022;0.0140993
18/03/2022;0.0132884
21/03/2022;0.0128182
22/03/2022;0.0133819
23/03/2022;0.0135614
24/03/2022;0.0133135
25/03/2022;0.0121157
28/03/2022;0.011851
29/03/2022;0.0117887
30/03/2022;0.0117459
31/03/2022;0.0115099
01/04/2022;0.0109227
04/04/2022;0.0112054
05/04/2022;0.0112981
06/04/2022;0.0125173
07/04/2022;0.0132405
08/04/2022;0.0146899
11/04/2022;0.0160653
12/04/2022;0.016719
13/04/2022;0.0163187
14/04/2022;0.0157518
15/04/2022;0.0156527
18/04/2022;0.0160653
19/04/2022;0.0165024
20/04/2022;0.0162576
21/04/2022;0.0166156
22/04/2022;0.0171977
25/04/2022;0.0185819
26/04/2022;0.0179901
27/04/2022;0.0183764
28/04/2022;0.0177108
29/04/2022;0.0174222
02/05/2022;0.0192391
03/05/2022;0.0190303
04/05/2022;0.0183152
05/05/2022;0.0223291
06/05/2022;0.0223602
09/05/2022;0.0244932
10/05/2022;0.0242801
11/05/2022;0.0235887
12/05/2022;0.023636
13/05/2022;0.0232082
16/05/2022;0.0238193
17/05/2022;0.0235282
18/05/2022;0.0238488
19/05/2022;0.0240514
20/05/2022;0.0237807
23/05/2022;0.0232717
24/05/2022;0.0239085
25/05/2022;0.0230076
26/05/2022;0.0225476
27/05/2022;0.0219768
30/05/2022;0.0212605
31/05/2022;0.0216405
01/06/2022;0.0205537
02/06/2022;0.0207637
03/06/2022;0.0209939
06/06/2022;0.0211074
07/06/2022;0.0211592
08/06/2022;0.0207926
09/06/2022;0.0207683
10/06/2022;0.0206824
13/06/2022;0.0208057
14/06/2022;0.0213892
15/06/2022;0.0226577
16/06/2022;0.0281126
17/06/2022;0.028521
20/06/2022;0.0284949
21/06/2022;0.0288158
22/06/2022;0.0292349
23/06/2022;0.0293996
24/06/2022;0.0295165
27/06/2022;0.0291362
28/06/2022;0.030129
29/06/2022;0.0302589
30/06/2022;0.0302081
01/07/2022;0.0299172
04/07/2022;0.0298199
05/07/2022;0.0297876
06/07/2022;0.0283132
07/07/2022;0.0277017
08/07/2022;0.027804
11/07/2022;0.0286909
12/07/2022;0.0292013
13/07/2022;0.0292255
14/07/2022;0.0287436
15/07/2022;0.0285733
18/07/2022;0.0286253
19/07/2022;0.0279892
20/07/2022;0.0272971
21/07/2022;0.0286692
22/07/2022;0.0285639
25/07/2022;0.0283408
26/07/2022;0.0281372
27/07/2022;0.02708
28/07/2022;0.034016
29/07/2022;0.0340295
01/08/2022;0.0341064
02/08/2022;0.0337746
03/08/2022;0.0331726
04/08/2022;0.0327203
05/08/2022;0.0330384
08/08/2022;0.0324396
09/08/2022;0.0333364
10/08/2022;0.0317981
11/08/2022;0.031991
12/08/2022;0.0314326
15/08/2022;0.0320122
16/08/2022;0.0328063
17/08/2022;0.0325472
18/08/2022;0.0324962
19/08/2022;0.0333351
22/08/2022;0.0329423
23/08/2022;0.032103
24/08/2022;0.0320012
25/08/2022;0.0321014
26/08/2022;0.0319487
29/08/2022;0.0320106
30/08/2022;0.0318964
31/08/2022;0.0321405
01/09/2022;0.0317887
02/09/2022;0.032013
05/09/2022;0.0324445
06/09/2022;0.0320287
07/09/2022;0.0316629
08/09/2022;0.0312491
09/09/2022;0.0309237
12/09/2022;0.0311998
13/09/2022;0.0313781
14/09/2022;0.0311772
15/09/2022;0.0311549
16/09/2022;0.0322209
19/09/2022;0.0317352
20/09/2022;0.0319033
21/09/2022;0.0306241
22/09/2022;0.0365225
23/09/2022;0.0374594
26/09/2022;0.0377269
27/09/2022;0.0388273
28/09/2022;0.0389361
29/09/2022;0.0394211
30/09/2022;0.0402784
03/10/2022;0.0396111
04/10/2022;0.0385617
05/10/2022;0.039158
06/10/2022;0.0391375
07/10/2022;0.0400381
10/10/2022;0.0396012
11/10/2022;0.0406164
12/10/2022;0.041437
13/10/2022;0.0416016
14/10/2022;0.0415445
17/10/2022;0.0413134
18/10/2022;0.0414925
19/10/2022;0.0423036
20/10/2022;0.0422117
21/10/2022;0.043033
24/10/2022;0.0426165
25/10/2022;0.041334
26/10/2022;0.0414619
27/10/2022;0.0414631
28/10/2022;0.041087
31/10/2022;0.0414917
01/11/2022;0.040356
02/11/2022;0.0406068
03/11/2022;0.0459222
04/11/2022;0.0458142
07/11/2022;0.04514
08/11/2022;0.0455111
09/11/2022;0.0463639
10/11/2022;0.045754
11/11/2022;0.0458287
14/11/2022;0.0441922
15/11/2022;0.0443548
16/11/2022;0.044229
17/11/2022;0.0446548
18/11/2022;0.0437859
21/11/2022;0.0437673
22/11/2022;0.0423807
23/11/2022;0.0428522
24/11/2022;0.0430906
25/11/2022;0.0429459
28/11/2022;0.0431844
29/11/2022;0.0430109
30/11/2022;0.0424917
01/12/2022;0.0428096
02/12/2022;0.0429702
05/12/2022;0.0428867
06/12/2022;0.0428391
07/12/2022;0.0436327
08/12/2022;0.0426613
09/12/2022;0.0420941
12/12/2022;0.0431276
13/12/2022;0.0440179
14/12/2022;0.044666
15/12/2022;0.0495538
16/12/2022;0.0501169
19/12/2022;0.050892
20/12/2022;0.0513183
21/12/2022;0.0511993
22/12/2022;0.0504914
23/12/2022;0.050712
26/12/2022;0.0498825
27/12/2022;0.049969
28/12/2022;0.049646
29/12/2022;0.0499432
30/12/2022;0.0494446
02/01/2023;0.0494962
03/01/2023;0.0501548
04/01/2023;0.0499634
05/01/2023;0.0507274
06/01/2023;0.0512983
09/01/2023;0.0513835
10/01/2023;0.0510821
11/01/2023;0.0508117
12/01/2023;0.0505323
13/01/2023;0.0503015
16/01/2023;0.0505851
17/01/2023;0.0506198
18/01/2023;0.0512055
19/01/2023;0.0511566
20/01/2023;0.0501931
23/01/2023;0.0505771
24/01/2023;0.050608
25/01/2023;0.0502641
26/01/2023;0.0490903
27/01/2023;0.0483267
30/01/2023;0.0481323
31/01/2023;0.0489054
01/02/2023;0.0490096
02/02/2023;0.0506563
03/02/2023;0.0488035
06/02/2023;0.0489015
07/02/2023;0.0492767
08/02/2023;0.0493711
09/02/2023;0.0482743
10/02/2023;0.0484376
13/02/2023;0.0483286
14/02/2023;0.0465519
15/02/2023;0.0466184
16/02/2023;0.0469178
17/02/2023;0.04678
20/02/2023;0.0468331
21/02/2023;0.0467305
22/02/2023;0.0468305
23/02/2023;0.0466283
24/02/2023;0.0460961
27/02/2023;0.0461159
28/02/2023;0.046179
01/03/2023;0.0462729
02/03/2023;0.046364
03/03/2023;0.0463006
06/03/2023;0.0462652
07/03/2023;0.0463614
08/03/2023;0.0465194
09/03/2023;0.0461678
10/03/2023;0.0466919
13/03/2023;0.0469672
14/03/2023;0.0462493
15/03/2023;0.0474966
16/03/2023;0.0459228
17/03/2023;0.047431
20/03/2023;0.0469237
21/03/2023;0.0458648
22/03/2023;0.0460455
23/03/2023;0.0495115
24/03/2023;0.0496086
27/03/2023;0.0487173
28/03/2023;0.0493446
29/03/2023;0.0489589
30/03/2023;0.0486428
31/03/2023;0.0483155
03/04/2023;0.0481536
04/04/2023;0.0494066
05/04/2023;0.0497522
06/04/2023;0.0494666
07/04/2023;0.0486212
10/04/2023;0.047646
11/04/2023;0.0477327
12/04/2023;0.0474193
13/04/2023;0.0480857
14/04/2023;0.0475311
17/04/2023;0.048112
18/04/2023;0.0477275
19/04/2023;0.0483349
20/04/2023;0.0489272
21/04/2023;0.0484581
24/04/2023;0.0491162
25/04/2023;0.0495982
26/04/2023;0.0498232
27/04/2023;0.0488587
28/04/2023;0.0489609
01/05/2023;0.0483491
02/05/2023;0.0499557
03/05/2023;0.0495771
04/05/2023;0.0526402
05/05/2023;0.0514149
08/05/2023;0.0510713
09/05/2023;0.0507029
10/05/2023;0.0515005
11/05/2023;0.051061
12/05/2023;0.0501258
15/05/2023;0.0504094
16/05/2023;0.0505533
17/05/2023;0.0500099
18/05/2023;0.0495451
19/05/2023;0.0496082
22/05/2023;0.0495234
23/05/2023;0.0499542
24/05/2023;0.0497607
25/05/2023;0.0492979
26/05/2023;0.0486108
29/05/2023;0.048847
30/05/2023;0.049521
31/05/2023;0.0487834
01/06/2023;0.0488362
02/06/2023;0.0482679
05/06/2023;0.0488742
06/06/2023;0.0487375
07/06/2023;0.048842
08/06/2023;0.0494356
09/06/2023;0.0489451
12/06/2023;0.0488443
13/06/2023;0.0486964
14/06/2023;0.0486544
15/06/2023;0.048745
16/06/2023;0.0486557
19/06/2023;0.0486295
20/06/2023;0.048837
21/06/2023;0.0493912
22/06/2023;0.048929
23/06/2023;0.0489033
26/06/2023;0.0492623
27/06/2023;0.049046
28/06/2023;0.0500945
29/06/2023;0.049021
30/06/2023;0.0490147
03/07/2023;0.0506344
04/07/2023;0.0505595
05/07/2023;0.0535344
06/07/2023;0.0533615
07/07/2023;0.0538782
10/07/2023;0.0549044
11/07/2023;0.0551942
12/07/2023;0.0550785
13/07/2023;0.0544806
14/07/2023;0.0535093
17/07/2023;0.0548046
18/07/2023;0.054449
19/07/2023;0.0544254
20/07/2023;0.0535096
21/07/2023;0.0551384
24/07/2023;0.055012
25/07/2023;0.0557256
26/07/2023;0.0550698
27/07/2023;0.055459
28/07/2023;0.0558534
31/07/2023;0.0556046
01/08/2023;0.0559149
02/08/2023;0.0563928
03/08/2023;0.0564441
04/08/2023;0.0567166
07/08/2023;0.0566608
08/08/2023;0.0564834
09/08/2023;0.0561171
10/08/2023;0.055144
11/08/2023;0.0555012
14/08/2023;0.055823
15/08/2023;0.0565225
16/08/2023;0.0567759
17/08/2023;0.0564059
18/08/2023;0.0572291
21/08/2023;0.0570043
22/08/2023;0.056544
23/08/2023;0.0557343
24/08/2023;0.0553747
25/08/2023;0.0552131
28/08/2023;0.0550339
29/08/2023;0.0554173
30/08/2023;0.0544618
31/08/2023;0.0532683
01/09/2023;0.0534138
04/09/2023;0.0532756
05/09/2023;0.053521
06/09/2023;0.0544005
07/09/2023;0.0548296
08/09/2023;0.0545883
11/09/2023;0.0546074
12/09/2023;0.0545159
13/09/2023;0.0547013
14/09/2023;0.054718
15/09/2023;0.0543727
18/09/2023;0.0546754
19/09/2023;0.0550018
20/09/2023;0.0545468
21/09/2023;0.0540109
22/09/2023;0.055077
25/09/2023;0.0556259
26/09/2023;0.0555667
27/09/2023;0.0552408
28/09/2023;0.0556626
29/09/2023;0.0559474
02/10/2023;0.054975
03/10/2023;0.055435
04/10/2023;0.0567269
05/10/2023;0.0566849
06/10/2023;0.0562794
09/10/2023;0.0563352
10/10/2023;0.0564678
11/10/2023;0.0556986
12/10/2023;0.0559517
13/10/2023;0.05632
16/10/2023;0.0571542
17/10/2023;0.0563586
18/10/2023;0.0569377
19/10/2023;0.057352
20/10/2023;0.0578095
23/10/2023;0.0579601
24/10/2023;0.0577553
25/10/2023;0.0574007
26/10/2023;0.0576015
27/10/2023;0.0578181
30/10/2023;0.0577347
31/10/2023;0.0572694
01/11/2023;0.0581254
02/11/2023;0.0573369
03/11/2023;0.0571962
06/11/2023;0.0577924
07/11/2023;0.0579631
08/11/2023;0.0576752
09/11/2023;0.0578181
10/11/2023;0.057545
13/11/2023;0.0576949
14/11/2023;0.0575088
15/11/2023;0.0574622
16/11/2023;0.0574632
17/11/2023;0.0570984
20/11/2023;0.0575164
21/11/2023;0.057256
22/11/2023;0.0571718
23/11/2023;0.0571437
24/11/2023;0.0566167
27/11/2023;0.0567491
28/11/2023;0.0570128
29/11/2023;0.0571125
30/11/2023;0.0568049
01/12/2023;0.0558261
04/12/2023;0.0563111
05/12/2023;0.0562396
06/12/2023;0.055853
07/12/2023;0.0558379
08/12/2023;0.0564049
11/12/2023;0.0558988
12/12/2023;0.0559219
13/12/2023;0.0561125
14/12/2023;0.055314
15/12/2023;0.0547226
18/12/2023;0.0537765
19/12/2023;0.0543912
20/12/2023;0.0540639
21/12/2023;0.0545994
22/12/2023;0.0545104
26/12/2023;0.0540025
27/12/2023;0.0544835
28/12/2023;0.0545087
29/12/2023;0.0547263
02/01/2024;0.055785
03/01/2024;0.0563527
04/01/2024;0.0564552
05/01/2024;0.0565983
08/01/2024;0.0566125
09/01/2024;0.0558917
10/01/2024;0.05566
11/01/2024;0.0550814
12/01/2024;0.0559676
15/01/2024;0.0558271
16/01/2024;0.055551
17/01/2024;0.0559674
18/01/2024;0.0560039
19/01/2024;0.0559831
22/01/2024;0.0559796
23/01/2024;0.0559131
24/01/2024;0.0560738
25/01/2024;0.0562265
26/01/2024;0.0553761
29/01/2024;0.0546523
30/01/2024;0.0542674
31/01/2024;0.0546279
01/02/2024;0.0543144
02/02/2024;0.0537073
05/02/2024;0.0547287
06/02/2024;0.0550216
07/02/2024;0.0549895
08/02/2024;0.0553469
09/02/2024;0.0557363
12/02/2024;0.0556069
13/02/2024;0.0558065
14/02/2024;0.0552545
15/02/2024;0.0547224
16/02/2024;0.0542702
19/02/2024;0.0547853
20/02/2024;0.055295
21/02/2024;0.0551264
22/02/2024;0.0547956
23/02/2024;0.0547236
26/02/2024;0.0545747
27/02/2024;0.0546829
28/02/2024;0.0548008
29/02/2024;0.054822
01/03/2024;0.0552677
04/03/2024;0.0550604
05/03/2024;0.0549328
06/03/2024;0.0550274
07/03/2024;0.0545713
08/03/2024;0.0549263
11/03/2024;0.0549062
12/03/2024;0.0549721
13/03/2024;0.0547859
14/03/2024;0.0546997
15/03/2024;0.0548996
18/03/2024;0.0547919
19/03/2024;0.0548932
20/03/2024;0.0550844
21/03/2024;0.0546072
22/03/2024;0.0544016
25/03/2024;0.054712
26/03/2024;0.0546941
27/03/2024;0.0548111
28/03/2024;0.0546371
29/03/2024;0.0545195
01/04/2024;0.0542494
02/04/2024;0.0552523
03/04/2024;0.0552916
04/04/2024;0.0550472
05/04/2024;0.0547979
08/04/2024;0.0551826
09/04/2024;0.0547699
10/04/2024;0.0543658
11/04/2024;0.0548215
12/04/2024;0.0547409
15/04/2024;0.0555625
16/04/2024;0.0555739
17/04/2024;0.0554605
18/04/2024;0.0552993
19/04/2024;0.0552197
22/04/2024;0.0549747
23/04/2024;0.0551787
24/04/2024;0.0555555
25/04/2024;0.0559307
26/04/2024;0.055585
29/04/2024;0.0555284
30/04/2024;0.0558867
01/05/2024;0.0553497
02/05/2024;0.0557918
03/05/2024;0.0550108
06/05/2024;0.055636
07/05/2024;0.0556699
08/05/2024;0.0558967
09/05/2024;0.0559921
10/05/2024;0.0561106
13/05/2024;0.0559714
14/05/2024;0.0558424
15/05/2024;0.0557687
16/05/2024;0.0559468
17/05/2024;0.0558365
20/05/2024;0.0555506
21/05/2024;0.0552903
22/05/2024;0.0557757
23/05/2024;0.0555058
24/05/2024;0.0552176
27/05/2024;0.055202
28/05/2024;0.055368
29/05/2024;0.0556125
30/05/2024;0.0556666
31/05/2024;0.0553378
03/06/2024;0.0552028
04/06/2024;0.0554551
05/06/2024;0.0555435
06/06/2024;0.0555226
07/06/2024;0.0561131
10/06/2024;0.0559373
11/06/2024;0.0558056
12/06/2024;0.055307
13/06/2024;0.0555633
14/06/2024;0.0554289
17/06/2024;0.0554924
18/06/2024;0.0541956
19/06/2024;0.0541957
20/06/2024;0.054187
21/06/2024;0.0541107
24/06/2024;0.0540849
25/06/2024;0.0540877
26/06/2024;0.0540869
27/06/2024;0.0540672
28/06/2024;0.0540058
01/07/2024;0.0541357
02/07/2024;0.0541652
03/07/2024;0.0540656
04/07/2024;0.0540394
05/07/2024;0.0540214
08/07/2024;0.0538229
09/07/2024;0.0539193
10/07/2024;0.0539789
11/07/2024;0.0538018
12/07/2024;0.0537413
15/07/2024;0.0544614
16/07/2024;0.0544003
17/07/2024;0.0542745
18/07/2024;0.0544334
19/07/2024;0.0544798
22/07/2024;0.0542565
23/07/2024;0.0540884
24/07/2024;0.0544276
25/07/2024;0.0545486
26/07/2024;0.0544866
29/07/2024;0.0540742
30/07/2024;0.0542023
31/07/2024;0.0540196
01/08/2024;0.0538257
02/08/2024;0.0546916
05/08/2024;0.0545703
06/08/2024;0.0552484
07/08/2024;0.0553506
08/08/2024;0.0551665
09/08/2024;0.0546243
12/08/2024;0.0544417
13/08/2024;0.0545086
14/08/2024;0.0541782
15/08/2024;0.0539399
16/08/2024;0.0533322
19/08/2024;0.0530356
20/08/2024;0.0530054
21/08/2024;0.0529559
22/08/2024;0.0527573
23/08/2024;0.0526768
26/08/2024;0.052643
27/08/2024;0.0524306
28/08/2024;0.0524108
29/08/2024;0.0520288
30/08/2024;0.0520036
02/09/2024;0.0520497
03/09/2024;0.0519162
04/09/2024;0.0518157
05/09/2024;0.0514109
06/09/2024;0.0513489
09/09/2024;0.0515722
10/09/2024;0.0513627
11/09/2024;0.0512657
12/09/2024;0.0512077
13/09/2024;0.0510561
16/09/2024;0.0502601
17/09/2024;0.0497089
18/09/2024;0.0500812
19/09/2024;0.0509428
20/09/2024;0.0506302
23/09/2024;0.0505554
24/09/2024;0.0504854
25/09/2024;0.0504261
26/09/2024;0.0503634
27/09/2024;0.0497826
30/09/2024;0.0496972
01/10/2024;0.0495392
02/10/2024;0.0486808
03/10/2024;0.0512766
04/10/2024;0.0495449
07/10/2024;0.0512811
08/10/2024;0.0515168
09/10/2024;0.051334
10/10/2024;0.0512872
11/10/2024;0.051103
14/10/2024;0.0511538
15/10/2024;0.0515895
16/10/2024;0.0499144
17/10/2024;0.0522873
18/10/2024;0.0517157
21/10/2024;0.0524818
22/10/2024;0.0526982
23/10/2024;0.0530247
24/10/2024;0.0526013
25/10/2024;0.0525158
28/10/2024;0.0525316
29/10/2024;0.0526179
30/10/2024;0.052738
31/10/2024;0.0524412
01/11/2024;0.0533012
04/11/2024;0.0532244
05/11/2024;0.0527442
06/11/2024;0.0525937
07/11/2024;0.0520366
08/11/2024;0.0516258
11/11/2024;0.0523946
12/11/2024;0.0504995
13/11/2024;0.0505349
14/11/2024;0.05087
15/11/2024;0.0511607
18/11/2024;0.0521883
19/11/2024;0.0514782
20/11/2024;0.0513657
21/11/2024;0.0510999
22/11/2024;0.0508383
25/11/2024;0.0500923
26/11/2024;0.0499602
27/11/2024;0.0502668
28/11/2024;0.0501548
29/11/2024;0.0496499
02/12/2024;0.0497915
03/12/2024;0.0501042
04/12/2024;0.0498759
05/12/2024;0.0496966
06/12/2024;0.0493599
09/12/2024;0.0497301
10/12/2024;0.050255
11/12/2024;0.0497327
12/12/2024;0.0499961
13/12/2024;0.0497187
16/12/2024;0.0494778
17/12/2024;0.050711
18/12/2024;0.0509017
19/12/2024;0.0509745
20/12/2024;0.0482652
23/12/2024;0.0478813
24/12/2024;0.0474818
26/12/2024;0.0477828
27/12/2024;0.0492288
30/12/2024;0.048595
31/12/2024;0.0477321
02/01/2025;0.0481177
03/01/2025;0.0480612
06/01/2025;0.047159
07/01/2025;0.0464379
08/01/2025;0.0464394
09/01/2025;0.0466603
10/01/2025;0.0473611
13/01/2025;0.0475881
14/01/2025;0.0464022
15/01/2025;0.0461572
16/01/2025;0.0464235
17/01/2025;0.0459237
20/01/2025;0.0459098
21/01/2025;0.0461756
22/01/2025;0.0455839
23/01/2025;0.0459674
24/01/2025;0.0461218
27/01/2025;0.0463873
28/01/2025;0.0463677
29/01/2025;0.0463982
30/01/2025;0.0462838
31/01/2025;0.0461423
03/02/2025;0.045918
04/02/2025;0.0454267
05/02/2025;0.04561
06/02/2025;0.0454847
07/02/2025;0.0459453
10/02/2025;0.0458181
11/02/2025;0.0458202
12/02/2025;0.0467562
13/02/2025;0.0465565
14/02/2025;0.04587
17/02/2025;0.0457451
18/02/2025;0.0447512
19/02/2025;0.045702
20/02/2025;0.0458232
21/02/2025;0.045174
24/02/2025;0.0457136
25/02/2025;0.0446617
26/02/2025;0.0449109
27/02/2025;0.043892
28/02/2025;0.0429659
03/03/2025;0.0428958
04/03/2025;0.0427009
05/03/2025;0.0433391
06/03/2025;0.043143
07/03/2025;0.0426266
10/03/2025;0.0424572
11/03/2025;0.0423282
12/03/2025;0.0427681
13/03/2025;0.0430652
14/03/2025;0.0425394
17/03/2025;0.0423511
18/03/2025;0.0422107
19/03/2025;0.0418781
20/03/2025;0.0416153
21/03/2025;0.0410156
24/03/2025;0.0422129
25/03/2025;0.0423091
26/03/2025;0.0418594
27/03/2025;0.0421297
28/03/2025;0.0416558
31/03/2025;0.0410061
01/04/2025;0.0402782
02/04/2025;0.0403086
03/04/2025;0.0399735
04/04/2025;0.0405176
07/04/2025;0.0434742
08/04/2025;0.0439361
09/04/2025;0.0431117
10/04/2025;0.0436836
11/04/2025;0.0465531
14/04/2025;0.0464092
15/04/2025;0.0451917
16/04/2025;0.044205
17/04/2025;0.0431783
18/04/2025;0.0431783
21/04/2025;0.0453196
22/04/2025;0.0451292
23/04/2025;0.0436787
24/04/2025;0.0439936
25/04/2025;0.0429834
28/04/2025;0.0428207
29/04/2025;0.0421404
30/04/2025;0.0422454
01/05/2025;0.0421937
02/05/2025;0.0418619
05/05/2025;0.0416958
06/05/2025;0.0414158
07/05/2025;0.0409871
08/05/2025;0.0406354
09/05/2025;0.0402665
12/05/2025;0.0395291
13/05/2025;0.0387024
14/05/2025;0.0391336
15/05/2025;0.0387274
16/05/2025;0.0358393
19/05/2025;0.0349816
20/05/2025;0.0345999
21/05/2025;0.0358289
22/05/2025;0.0357387
23/05/2025;0.0352792
26/05/2025;0.0352792
27/05/2025;0.0343467
28/05/2025;0.0328139
29/05/2025;0.0322478
30/05/2025;0.0306632
02/06/2025;0.0330304
03/06/2025;0.0324249
04/06/2025;0.0313487
05/06/2025;0.0305505
06/06/2025;0.0281373
09/06/2025;0.0308536
10/06/2025;0.029882
11/06/2025;0.0286809
12/06/2025;0.0349363
13/06/2025;0.0355604
16/06/2025;0.0362082
17/06/2025;0.0369106
18/06/2025;0.037248
19/06/2025;0.0377429
20/06/2025;0.0383814
23/06/2025;0.0388282
24/06/2025;0.0392356
25/06/2025;0.039624
26/06/2025;0.040087
27/06/2025;0.0406473
30/06/2025;0.0410272
01/07/2025;0.0415079
02/07/2025;0.0419755
03/07/2025;0.0424842
04/07/2025;0.043235
07/07/2025;0.0437065
08/07/2025;0.0443532
09/07/2025;0.0447372
10/07/2025;0.0451676
11/07/2025;0.0455631
14/07/2025;0.0458139
15/07/2025;0.0460107
16/07/2025;0.0463451
17/07/2025;0.0460427
18/07/2025;0.0460523
21/07/2025;0.0456034
22/07/2025;0.0464255
23/07/2025;0.0467598
24/07/2025;0.0474888
25/07/2025;0.0475345
28/07/2025;0.0481835
29/07/2025;0.048354
30/07/2025;0.048103
31/07/2025;0.0480285
01/08/2025;0.0486267
04/08/2025;0.0479412
05/08/2025;0.0475557
06/08/2025;0.0480678
07/08/2025;0.0475221
08/08/2025;0.0475596
11/08/2025;0.0476506
12/08/2025;0.0478048
13/08/2025;0.0474273
14/08/2025;0.0408203
15/08/2025;0.0408791
18/08/2025;0.0410463
19/08/2025;0.0409555
20/08/2025;0.0409127
21/08/2025;0.0413668
22/08/2025;0.04081
25/08/2025;0.0393244
26/08/2025;0.0406048
27/08/2025;0.0410246
28/08/2025;0.0412392
29/08/2025;0.0410922
01/09/2025;0.0412555
02/09/2025;0.0416588
03/09/2025;0.0420514
04/09/2025;0.0418693
05/09/2025;0.0416821
08/09/2025;0.0411309
09/09/2025;0.0409718
10/09/2025;0.0407892
11/09/2025;0.0405646
12/09/2025;0.0409289
15/09/2025;0.0410657
16/09/2025;0.0414559
17/09/2025;0.0408044
18/09/2025;0.0405938
19/09/2025;0.0394776
22/09/2025;0.03928
23/09/2025;0.0394699
